Name,UnitPrice,nb_ventes
The Trooper,0.99,5
Eruption,0.99,4
Hallowed Be Thy Name,0.99,4
Sure Know Something,0.99,4
The Number Of The Beast,0.99,4
Untitled,0.99,4
2 Minutes To Midnight,0.99,3
Blood Brothers,0.99,3
Brasil,0.99,3
Can I Play With Madness,0.99,3
Dazed and Confused,0.99,3
Flying High Again,0.99,3
Good Golly Miss Molly,0.99,3
Heaven Can Wait,0.99,3
Iron Maiden,0.99,3
Linha Do Equador,0.99,3
Plaster Caster,0.99,3
Release,0.99,3
Sanctuary,0.99,3
Selvagem,0.99,3
Stairway To Heaven,0.99,3
Surrender,0.99,3
Sweetest Thing,0.99,3
Welcome Home (Sanitarium),0.99,3
Where Eagles Dare,0.99,3
A Cor Do Sol,0.99,2
A Melhor Forma,0.99,2
A Novidade (Live),0.99,2
"Abraham, Martin And John",0.99,2
Acelerou,0.99,2
Aces High,0.99,2
Afraid To Shoot Strangers,0.99,2
All Along The Watchtower,0.99,2
All I Want Is You,0.99,2
Amor De Muito,0.99,2
Ando Meio Desligado,0.99,2
Animal,0.99,2
As Rosas Não Falam (Beth Carvalho),0.99,2
Azul,0.99,2
Açai,0.99,2
Babylon,0.99,2
Balls to the Wall,0.99,2
Banditismo Por Uma Questa,0.99,2
Basket Case,0.99,2
Battery,0.99,2
Beautiful Boy,0.99,2
Before You Accuse Me,0.99,2
Beira Mar,0.99,2
Believe,0.99,2
Bem Devagar,0.99,2
Better Than You,0.99,2
Big Wave,0.99,2
Binky The Doormat,0.99,2
Black Dog,0.99,2
Blue Rythm Fantasy,0.99,2
Boris The Spider,0.99,2
Bowels Of The Devil,0.99,2
Branch Closing,1.99,2
Breakdown,0.99,2
Bron-Y-Aur Stomp,0.99,2
Bullet With Butterfly Wings,0.99,2
Bumbo Da Mangueira,0.99,2
C'est La Vie,0.99,2
Cabeça Dinossauro,0.99,2
Caffeine,0.99,2
Caleidoscópio,0.99,2
Calling Dr. Love,0.99,2
Celebration Day,0.99,2
Chemical Wedding,0.99,2
Cherub Rock,0.99,2
Children Of The Grave,0.99,2
City Of Blinding Lights,0.99,2
Comida,0.99,2
Comin' Home,0.99,2
Commotion,0.99,2
Communication Breakdown,0.99,2
Compadre,0.99,2
Comportamento Geral,0.99,2
Cornucopia,0.99,2
Country Feedback,0.99,2
Dancing Days,0.99,2
Dazed And Confused,0.99,2
Desire,0.99,2
Deuces Are Wild,0.99,2
Dezesseis,0.99,2
Dirty Day,0.99,2
"Dois Pra Lá, Dois Pra Cá",0.99,2
Don't Look Now,0.99,2
Don't Look To The Eyes Of A Stranger,0.99,2
Don't Take Your Love From Me,0.99,2
Down by the Sea,0.99,2
Dream Of Mirrors,0.99,2
Drifter,0.99,2
Drum Boogie,0.99,2
Easy,0.99,2
End Of Romanticism,0.99,2
Esporrei Na Manivela,0.99,2
Esquinas,0.99,2
Everlasting Love,0.99,2
Falamansa Song,0.99,2
Fall On Me,0.99,2
Fear Of The Dark,0.99,2
Firmamento,0.99,2
Folhas Secas,0.99,2
For Whom The Bell Tolls,0.99,2
For Your Life,0.99,2
For the Greater Good of God,0.99,2
Gangland,0.99,2
Garden of Eden,0.99,2
Gay Witch Hunt,1.99,2
Geni E O Zepelim,0.99,2
Get Up,0.99,2
Ghost Of The Navigator,0.99,2
Gimme Some Truth,0.99,2
Give Me Novacaine,0.99,2
Give Peace a Chance,0.99,2
Gyroscope,0.99,2
Hallelujah Here She Comes,0.99,2
Heaven Coming Down,0.99,2
Helpless,0.99,2
Hey America,0.99,2
Holiday,0.99,2
Hot Girl,1.99,2
How Many More Times,0.99,2
How to Stop an Exploding Man,1.99,2
I Believe,0.99,2
I Can't Explain,0.99,2
I'm Going Slightly Mad,0.99,2
I'm Gonna Crawl,0.99,2
Imagine,0.99,2
Immigrant Song,0.99,2
In The Evening,0.99,2
Inject The Venom,0.99,2
Intro,0.99,2
Is This Love (Live),0.99,2
J Squared,0.99,2
Judgement Of Heaven,0.99,2
Já Foi,0.99,2
King For A Day,0.99,2
L'Arc En Ciel De Miles,0.99,2
L'Avventura,0.99,2
Lamento De Carnaval,0.99,2
Last Cup Of Sorrow,0.99,2
Lay Down Sally,0.99,2
Layla,0.99,2
Leave My Girl Alone,0.99,2
Lemon Drop,0.99,2
Leper Messiah,0.99,2
Let Me Love You Baby,0.99,2
Light Years,0.99,2
Living Loving Maid (She's Just A Woman),0.99,2
Living On Love,0.99,2
Lixo Do Mangue,0.99,2
Lonely Stranger,0.99,2
Lugar Nenhum,0.99,2
"Mama, I'm Coming Home",0.99,2
Manguetown,0.99,2
Master Of Puppets,0.99,2
Maybe I'm A Leo,0.99,2
Meditação,0.99,2
Mel,0.99,2
Menestrel Das Alagoas,0.99,2
Menino De Rua,0.99,2
Mensagen De Amor (2000),0.99,2
Meu Caro Amigo,0.99,2
Meu Erro,0.99,2
Miami,0.99,2
Midlife Crisis,0.99,2
Midnight From The Inside Out,0.99,2
Mis Penas Lloraba Yo (Ao Vivo) Soy Gitano (Tangos),0.99,2
Moonchild,0.99,2
Morena De Angola,0.99,2
Motorbreath,0.99,2
Mr. Cab Driver,0.99,2
"Music for the Funeral of Queen Mary: VI. ""Thou Knowest, Lord, the Secrets of Our Hearts""",0.99,2
Música No Ar,0.99,2
Nebulosa Do Amor,0.99,2
Nega Do Cabelo Duro,0.99,2
New Year's Day,0.99,2
Nice Guys Finish Last,0.99,2
No No No,0.99,2
No Quarter,0.99,2
Norwegian Wood,0.99,2
Nossa Gente (Avisa Là),0.99,2
Not The Doctor,0.99,2
Nothing Else Matters,0.99,2
Não Quero Dinheiro,0.99,2
O Pulso,0.99,2
Onde Anda Você,0.99,2
Onde Você Mora?,0.99,2
Overdose,0.99,2
Paint It Black,0.99,2
Peace On Earth,0.99,2
Pela Luz dos Olhos Teus (Miúcha e Tom Jobim),0.99,2
Perfect Crime,0.99,2
Phantom Lord,0.99,2
Phyllis's Wedding,1.99,2
Piece Of Pie,0.99,2
Pilot,1.99,2
Plot 180,0.99,2
Polly,0.99,2
Por Causa De Você,0.99,2
Powerslave,0.99,2
Pretty Noose,0.99,2
Pride (In The Name Of Love),0.99,2
Primavera,0.99,2
Promises,0.99,2
Prowler,0.99,2
Que Luz É Essa,0.99,2
Question!,0.99,2
Radio Song,0.99,2
Ramble On,0.99,2
Rappers Reais,0.99,2
Re-Align,0.99,2
Real Love,0.99,2
Red Light,0.99,2
Rehab,0.99,2
Revolta Olodum,0.99,2
Right On Time,0.99,2
Rock & Roll,0.99,2
Rock And Roll All Nite,0.99,2
Rocket Queen,0.99,2
Romance Ideal,0.99,2
Run Silent Run Deep,0.99,2
Run To The Hills,0.99,2
Saber Amar,0.99,2
Samba De Orly,0.99,2
Samba Do Lado,0.99,2
Sangue Latino,0.99,2
Saturnine,0.99,2
Save The Children,0.99,2
"Scheherazade, Op. 35: I. The Sea and Sindbad's Ship",0.99,2
Shakes and Ladders,0.99,2
She,0.99,2
She Loves Me Not,0.99,2
Shock Me,0.99,2
Shoot Me Again,0.99,2
Sign Of The Cross,0.99,2
Since I've Been Loving You,0.99,2
Slither,0.99,2
Smells Like Teen Spirit,0.99,2
Smoke On The Water,0.99,2
Snowballed,0.99,2
Snowblind,0.99,2
So Central Rain,0.99,2
So What,0.99,2
Soldier Side - Intro,0.99,2
Somebody To Love,0.99,2
Speed Of Light,0.99,2
Starburst,0.99,2
Stir It Up (Live),0.99,2
Stone Cold Crazy,0.99,2
Stormbringer,0.99,2
"String Quartet No. 12 in C Minor, D. 703 ""Quartettsatz"": II. Andante - Allegro assai",0.99,2
"Suite No. 3 in D, BWV 1068: III. Gavotte I & II",0.99,2
Sun King,0.99,2
Sunday Bloody Sunday,0.99,2
Sunshine Of Your Love,0.99,2
Susie Q,0.99,2
Sweet Hitch-Hiker,0.99,2
"Symphonie Fantastique, Op. 14: V. Songe d'une nuit du sabbat",0.99,2
Só Tinha De Ser Com Você,0.99,2
Take It Or Leave It,0.99,2
Tanto Tempo,0.99,2
Tarde Em Itapoã,0.99,2
Tear,0.99,2
Tempo Perdido,0.99,2
Thank You,0.99,2
That's The Way,0.99,2
The Aftermath,0.99,2
The Clairvoyant,0.99,2
The Duke,0.99,2
The Evil That Men Do,0.99,2
The Fix,1.99,2
The Garden,0.99,2
The House Jack Built,0.99,2
The Last Song,0.99,2
The Midnight Special,0.99,2
The Prisoner,0.99,2
The Star Spangled Banner,0.99,2
The Thin Line Between Love & Hate,0.99,2
The Unforgiven,0.99,2
The Unforgiven II,0.99,2
The Wicker Man,0.99,2
The Woman King,1.99,2
Times Like These,0.99,2
Title Song,0.99,2
Toda Cor,0.99,2
Train In Vain,0.99,2
Travis Walk,0.99,2
Turbo Lover,0.99,2
Two Hearts Beat As One,0.99,2
Um Amor Puro,0.99,2
Under The Bridge,0.99,2
Undertow,0.99,2
Violent Pornography,0.99,2
Voodoo,0.99,2
Waiting,0.99,2
Walkabout,1.99,2
Walking Into Clarksdale,0.99,2
Walter's Walk,0.99,2
War Pigs,0.99,2
We Are The Champions,0.99,2
What A Day,0.99,2
"Whatever It Is, I Just Can't Stop",0.99,2
Whatsername,0.99,2
When I Come Around,0.99,2
When I Look At The World,0.99,2
When Love Comes To Town,0.99,2
When My Left Eye Jumps,0.99,2
Whiskey In The Jar,0.99,2
Woman Of The World (Ao Vivo),0.99,2
Wrathchild,0.99,2
Year to the Day,0.99,2
You Better You Bet,0.99,2
You Got Me Rocking,0.99,2
You're My Best Friend,0.99,2
You've Got Another Thing Comin',0.99,2
Your Time Is Gonna Come,0.99,2
Álibi,0.99,2
"""?""",1.99,1
#9 Dream,0.99,1
'Round Midnight,0.99,1
(Anesthesia) Pulling Teeth,0.99,1
(White Man) In Hammersmith Palais,0.99,1
(Wish I Could) Hideaway,0.99,1
...And Found,1.99,1
...And Justice For All,0.99,1
01 - Prowler,0.99,1
04 - Running Free,0.99,1
05 - Phantom of the Opera,0.99,1
09 - Iron Maiden,0.99,1
1/2 Full,0.99,1
14 Years,0.99,1
2 A.M.,0.99,1
2 X 4,0.99,1
32 Dentes,0.99,1
5.15,0.99,1
A Banda,0.99,1
A Bencao E Outros,0.99,1
"A Benihana Christmas, Pts. 1 & 2",1.99,1
A Cura,0.99,1
A Day In the Life,1.99,1
A Festa Do Santo Reis,0.99,1
A Kind Of Magic,0.99,1
A Man And A Woman,0.99,1
A Menina Dança,0.99,1
"A Midsummer Night's Dream, Op.61 Incidental Music: No.7 Notturno",0.99,1
A Moça e a Chuva,0.99,1
A Noite Do Meu Bem,0.99,1
A Paz,0.99,1
A Small Victory,0.99,1
A Statistic,0.99,1
A Sua,0.99,1
A Touch Away,0.99,1
A Twist In The Tail,0.99,1
A.N.D.R.O.T.A.Z.,0.99,1
Abrir A Porta,0.99,1
Achilles Last Stand,0.99,1
Acrobat,0.99,1
"Act IV, Symphony",0.99,1
Action,0.99,1
Adios nonino,0.99,1
Admirável Gado Novo,0.99,1
Adrift,1.99,1
Advance Romance,0.99,1
Aeroplane Flies High,0.99,1
After Midnight,0.99,1
Age Of Innocence,0.99,1
Agora Que O Dia Acordou,0.99,1
Ain't My Bitch,0.99,1
Ain't Talkin' 'bout Love,0.99,1
Alberta,0.99,1
Ali,0.99,1
Alive,0.99,1
All Because Of You,0.99,1
"All Dead, All Dead",0.99,1
All For You,0.99,1
All I Really Want,0.99,1
All My Love,0.99,1
All Night Thing,0.99,1
All Star,0.99,1
All Within My Hands,0.99,1
Aloha,0.99,1
"Always With Me, Always With You",0.99,1
"Alô, Alô, Marciano",0.99,1
Am I Evil?,0.99,1
Amanhã Não Se Sabe,0.99,1
Amazing,0.99,1
American Idiot,0.99,1
American Woman,0.99,1
Amor Demais,0.99,1
Amy Amy Amy (Outro),0.99,1
Angel,0.99,1
Angel Of Harlem,0.99,1
Angela,0.99,1
Another Life,0.99,1
Another One Bites The Dust,0.99,1
Anthem,0.99,1
Any Colour You Like,0.99,1
Anything Goes,0.99,1
"Anyway, Anyhow, Anywhere",0.99,1
Aos Leões,0.99,1
Apesar De Você,0.99,1
Aprendendo A Jogar,0.99,1
Aquele Abraço,0.99,1
Aquilo,0.99,1
Arc,0.99,1
Are We The Waiting,0.99,1
Are You Gonna Be My Girl,0.99,1
Are You Gonna Go My Way,0.99,1
Armadura,0.99,1
Army Ants,0.99,1
Around The World,0.99,1
As Aparências Enganam,0.99,1
As Dores do Mundo,0.99,1
As Profecias,0.99,1
As Tears Go By,0.99,1
As We Sleep,0.99,1
Ashes To Ashes,0.99,1
Assaltaram A Gramática,0.99,1
Assim Caminha A Humanidade,0.99,1
Assum Preto,0.99,1
Astronomy,0.99,1
Atomic Punk,0.99,1
Atras Da Porta,0.99,1
Atrás Da Verd-E-Rosa Só Não Vai Quem Já Morreu,0.99,1
Atrás da Porta,0.99,1
Attitude,0.99,1
Ava Adore,0.99,1
Avisa,0.99,1
B.Y.O.B.,0.99,1
Baba O'Riley,0.99,1
Babyface,0.99,1
Back Door Man,0.99,1
Back from Vacation,1.99,1
Back in the Village,0.99,1
Back off Bitch,0.99,1
Back to Black,0.99,1
Bad,0.99,1
Bad Moon Rising,0.99,1
Bad Obsession,0.99,1
Bad Seed,0.99,1
"Bad, Bad Leroy Brown",0.99,1
Badge,0.99,1
Balanço,0.99,1
Baltar's Escape,1.99,1
"Baltimore, DC",0.99,1
Bankrobber,0.99,1
Bark at the Moon,0.99,1
Bass Trap,0.99,1
"Battlestar Galactica, Pt. 1",1.99,1
"Battlestar Galactica, Pt. 2",1.99,1
Be Aggressive,0.99,1
Be Good Johnny,0.99,1
Be Mine,0.99,1
Beach Sequence,0.99,1
Been A Son,0.99,1
Beija-Flor,0.99,1
Beijo Partido,0.99,1
Believer,0.99,1
Bell Bottom Blues,0.99,1
Berimbau,0.99,1
Best Thing,0.99,1
Beth,0.99,1
Better Halves,1.99,1
Bicycle Race,0.99,1
Big Machine,0.99,1
Billie Jean,0.99,1
Bittersweet Me,0.99,1
Black,0.99,1
Black Capricorn Day,0.99,1
Black Diamond,0.99,1
Black Hole Sun,0.99,1
Black Light Syndrome,0.99,1
Black Moon Creeping,0.99,1
Black Mountain Side,0.99,1
Black Night,0.99,1
Black Satin,0.99,1
Blackened,0.99,1
Bleed The Freak,0.99,1
Bleed Together,0.99,1
Bleeding Me,0.99,1
Blind Man,0.99,1
Blissed & Gone,0.99,1
Blitzkrieg,0.99,1
Blood In The Wall,0.99,1
Blood On The World's Hands,0.99,1
Blow Your Mind,0.99,1
Blue Train,0.99,1
Blues For Pablo (Alternate Take),0.99,1
Body Count,0.99,1
Body Count Anthem,0.99,1
Body Count's In The House,0.99,1
Bohemian Rhapsody,0.99,1
Boogie Blues,0.99,1
Boogie With Stu,0.99,1
Book Of Thel,0.99,1
Bop Boogie,0.99,1
Bora-Bora,0.99,1
Bored To Tears,0.99,1
Born On The Bayou,0.99,1
Born To Move,0.99,1
Born to Run,1.99,1
Bossa,0.99,1
Boulevard Of Broken Dreams,0.99,1
Brain Damage,0.99,1
Brain Stew,0.99,1
Brasília 5:31,0.99,1
Brave New World,0.99,1
Breadfan,0.99,1
Breaking The Rules,0.99,1
Breakthru,0.99,1
Breathe,0.99,1
Breed,0.99,1
Brighter Than a Thousand Suns,0.99,1
Bring Me Your Cup,0.99,1
Bring Your Daughter... ...To The Slaughter,0.99,1
Bring Your Daughter... To The Slaughter,0.99,1
Brumário,0.99,1
Bullet The Blue Sky,0.99,1
Burden In My Hand,0.99,1
Burn Away,0.99,1
Busca Vida,0.99,1
Bush Doctor,0.99,1
By The Way,0.99,1
Bye Bye Blackbird,0.99,1
"Bye, Bye Brasil",0.99,1
Bê-a-Bá,0.99,1
C'Mon Everybody,0.99,1
Cafezinho,0.99,1
Californication,0.99,1
Call Me a Dog,0.99,1
Camarão que Dorme e Onda Leva,0.99,1
Camisa Verde 2001,0.99,1
Can You See Me,0.99,1
Can't Get There From Here,0.99,1
Can't Keep,0.99,1
Can't Stand Losing You,0.99,1
Can't Stop,0.99,1
Can't Stop Loving You,0.99,1
Canon and Gigue in D Major: I. Canon,0.99,1
"Canta, Canta Mais",0.99,1
Canto De Ossanha,0.99,1
Canário Do Reino,0.99,1
Caprichosos,0.99,1
Caras Como Eu,0.99,1
Carnival Of Sorts,0.99,1
Carol,0.99,1
Carolina,0.99,1
Carolina Hard-Core Ecstasy,0.99,1
Carouselambra,0.99,1
Carta Ao Tom 74,0.99,1
Casa,0.99,1
Casa no Campo,0.99,1
Cascades : I'm Not Your Lover,0.99,1
Caso Você Queira Saber,0.99,1
Catch-22,1.99,1
Cathedral,0.99,1
Caught Somewhere in Time,0.99,1
Caçador de Mim (Sá & Guarabyra),0.99,1
Chains Of Misery,0.99,1
Changes,0.99,1
Chaos-Control,0.99,1
Chapa o Coco,0.99,1
Charles Anjo 45,0.99,1
Chega no Suingue,0.99,1
Child In Time,0.99,1
Childhoods End?,0.99,1
Children of the Damned,0.99,1
Christmas Party,1.99,1
Chão De Estrelas,0.99,1
Chão de Giz (Elba Ramalho),0.99,1
Cigano,0.99,1
Cigaro,0.99,1
Cinema Mudo,0.99,1
Civil War,0.99,1
Clash City Rockers,0.99,1
Closer To The Heart,0.99,1
Cochise,0.99,1
Cold Gin,0.99,1
Cold Turkey,0.99,1
Colibri,0.99,1
Collaborators,1.99,1
Com Açúcar E Com Afeto,0.99,1
Coma,0.99,1
Come Fly With Me,0.99,1
Começaria Tudo Outra Vez,0.99,1
Commercial 2,0.99,1
Communication Breakdown(2),0.99,1
Como Estais Amigos,0.99,1
Como É Duro Trabalhar,0.99,1
Company Man,1.99,1
Compulsion,0.99,1
Computadores Fazem Arte,0.99,1
"Concerto No.2 in F Major, BWV1047, I. Allegro",0.99,1
"Concerto for Cello and Orchestra in E minor, Op. 85: I. Adagio - Moderato",0.99,1
"Concerto for Piano No. 2 in F Minor, Op. 21: II. Larghetto",0.99,1
Condição,0.99,1
Confusion,0.99,1
Construção / Deus Lhe Pague,0.99,1
Copacabana (Live),0.99,1
Coração De Estudante,0.99,1
Coração Em Desalinho,0.99,1
Coração do Agreste (Fafá de Belém),0.99,1
Corduroy,0.99,1
Corinna,0.99,1
Coroné Antonio Bento,0.99,1
Cotton Fields,0.99,1
Crackerman,0.99,1
Crash Course In Brain Surgery,0.99,1
Crazy Train,0.99,1
Creep,0.99,1
Creeping Death,0.99,1
Criança De Domingo,0.99,1
Cristina Nº 2,0.99,1
Cropduster,0.99,1
Crossfire,0.99,1
Crossroads,0.99,1
"Crossroads, Pt. 1",1.99,1
"Crossroads, Pt. 2",1.99,1
Crumbs From Your Table,0.99,1
Cry For Love,0.99,1
Crystal Ball,0.99,1
Cuckoo For Caca,0.99,1
Cure,0.99,1
Cursed Diamonds,0.99,1
Cuyahoga,0.99,1
Cérebro Eletrônico,0.99,1
D'Yer Mak'er,0.99,1
Da Lama Ao Caos,0.99,1
Damage Case,0.99,1
Damage Inc.,0.99,1
Dance,0.99,1
Dance Enquanto é Tempo,0.99,1
Dance Of Death,0.99,1
Dancing Barefoot,0.99,1
Dancing In The Street,0.99,1
Dandelion,0.99,1
"Danny Boy, Danny Boy",0.99,1
Dança Da Solidão,0.99,1
Dark Corners,0.99,1
Dave,1.99,1
"De Do Do Do, De Da Da Da",0.99,1
De Ja Vu,0.99,1
De La Luz,0.99,1
De Noite Na Cama,0.99,1
De Ouro E Marfim (Live),0.99,1
Dead And Bloated,0.99,1
Dead Horse,0.99,1
Dee,0.99,1
Deep Waters,0.99,1
Deeper Underground,0.99,1
Deixa,0.99,1
Demorou!,0.99,1
Denúncia,0.99,1
Departure,0.99,1
Desaforo,0.99,1
Destitute Illusions,0.99,1
Deuce,0.99,1
Deus Ex Machina,1.99,1
Diamonds And Rust (Live),0.99,1
Die Die My Darling,0.99,1
Die Walküre: The Ride of the Valkyries,0.99,1
Die With Your Boots On,0.99,1
"Diga Lá, Coração",0.99,1
Din Din Wo (Little Child),0.99,1
Dirty Little Thing,0.99,1
Dirty Love,0.99,1
Dirty Water Dog,0.99,1
Disappearing Act,0.99,1
Disarm,0.99,1
Discotheque,0.99,1
Disenchanted Lullaby,0.99,1
Disposable Heroes,0.99,1
Dissident,0.99,1
Distractions,1.99,1
Diversity Day,1.99,1
Divirta-Se (Saindo Da Sua),0.99,1
Diwali,1.99,1
Do It For The Kids,0.99,1
Do You Feel Loved,0.99,1
Do You Have Other Loves?,0.99,1
Do You Like The Way,0.99,1
Do You Love Me,0.99,1
Do what cha wanna,0.99,1
Doesn't Remind Me,0.99,1
Dog Eat Dog,0.99,1
Domingo,0.99,1
Don't Cry,0.99,1
Don't Cry (Original),0.99,1
Don't Damn Me,0.99,1
Don't Go Back To Rockville,0.99,1
Don't Look Back,0.99,1
Don't Stand so Close to Me,0.99,1
Don't You Cry,0.99,1
Double Talkin' Jive,0.99,1
Doutor,0.99,1
Down By The Seaside,0.99,1
Down On The Corner,0.99,1
Down Under,0.99,1
Dreams,0.99,1
Drown,0.99,1
Drown Me Slowly,0.99,1
Drowning Man,0.99,1
Duelists,0.99,1
Duende,0.99,1
Dujji,0.99,1
Dust N' Bones,0.99,1
E.C.T.,0.99,1
E.S.P.,0.99,1
Eclipse Oculto,0.99,1
Edie (Ciao Baby),0.99,1
El Farol,0.99,1
Ela Disse Adeus,0.99,1
Elderly Woman Behind The Counter In A Small Town,0.99,1
Eleanor Rigby,0.99,1
Electrolite,0.99,1
Elza,0.99,1
Email Surveillance,1.99,1
Encontrar Alguém,0.99,1
Endgame,0.99,1
Enquanto O Dia Não Vem,0.99,1
Enter 77,1.99,1
Entrando Na Sua (Intro),0.99,1
Entre E Ouça,0.99,1
Epic,0.99,1
Equinocio,0.99,1
Era Uma Vez,0.99,1
Esperando Na Janela,0.99,1
Esse Cara,0.99,1
Estranged,0.99,1
Estrela (Live),0.99,1
Etnia,0.99,1
Eu Amo Você,0.99,1
Eu Apenas Queria Que Voçê Soubesse,0.99,1
Eu E Ela,0.99,1
Eu Sou Neguinha (Ao Vivo),0.99,1
Eu Também Quero Beijar,0.99,1
Eu Vim Da Bahia - Live,0.99,1
Even Better Than The Real Thing,0.99,1
Everlong,0.99,1
Every Breath You Take,0.99,1
Every Time I Look At You,0.99,1
Everything I Need,0.99,1
Everything's Ruined,0.99,1
Evil Dick,0.99,1
Evil Walks,0.99,1
Evil Ways,0.99,1
Evil Woman,0.99,1
Exodus (Part 2) [Season Finale],1.99,1
"Exodus, Pt. 1",1.99,1
"Exodus, Pt. 2",1.99,1
Experiment In Terra,1.99,1
Exploder,0.99,1
Exposé,1.99,1
Expresso 2222,0.99,1
Extra,0.99,1
Extraordinary Girl,0.99,1
Eye,0.99,1
Eye Of The Beholder,0.99,1
F**k Me Pumps,0.99,1
F*Ckin' Up,0.99,1
Face In The Sand,0.99,1
Faceless,0.99,1
Fade To Black,0.99,1
Fairies Wear Boots,0.99,1
Faixa Amarela,0.99,1
Falando De Amor,0.99,1
Falar A Verdade,0.99,1
Fall To Pieces,0.99,1
Falling To Pieces,0.99,1
Família,0.99,1
Fantasia On Greensleeves,0.99,1
Fascinação,0.99,1
Fast And Loose,0.99,1
Fast As a Shark,0.99,1
Fat Bottomed Girls,0.99,1
Fates Warning,0.99,1
Fear Is The Key,0.99,1
Feel It,0.99,1
Feel Your Love Tonight,0.99,1
Feirinha da Pavuna/Luz do Repente/Bagaço da Laranja,0.99,1
Felicidade Urgente,0.99,1
Fica,0.99,1
Fight From The Inside,0.99,1
Filho Maravilha,0.99,1
Finding My Way,0.99,1
Fire,0.99,1
Fire + Water,1.99,1
First Time I Met The Blues,0.99,1
Flash,0.99,1
Flash of The Blade,0.99,1
Flight Of The Rat,0.99,1
Flor De Lis,0.99,1
Flores,0.99,1
Flower,0.99,1
Fly By Night,0.99,1
Fly Me To The Moon,0.99,1
Fool In The Rain,0.99,1
For Those About To Rock (We Salute You),0.99,1
For Your Babies,0.99,1
Fora Da Ordem,0.99,1
Forgiven,0.99,1
Formigueiro,0.99,1
Formosa,0.99,1
Fortunate Son,0.99,1
Fortunes Of War,0.99,1
Fortuneteller,0.99,1
Forty Days Instrumental,0.99,1
Four Sticks,0.99,1
Four Walled World,0.99,1
Frantic,0.99,1
Free Me,0.99,1
Freedom For My People,0.99,1
Freewheel Burning,0.99,1
Freewill,0.99,1
Friend Of A Friend,0.99,1
Friends,0.99,1
From Here To Eternity,0.99,1
From Out Of Nowhere,0.99,1
Fuel,0.99,1
Funk Hum,0.99,1
Funk de Bamba,0.99,1
Funky Piano,0.99,1
Futureal,0.99,1
Garota Nacional,0.99,1
Garota de Ipanema (Dick Farney),0.99,1
Gatas Extraordinárias,0.99,1
Gates Of Tomorrow,0.99,1
Gates Of Urizen,0.99,1
Gavioes 2001,0.99,1
Geek Stink Breath,0.99,1
Genesis,1.99,1
Genghis Khan,0.99,1
"Get Down, Make Love",0.99,1
Get Off Of My Cloud,0.99,1
Get On The Snake,0.99,1
Get On Top,0.99,1
Get Out,0.99,1
Get Right,0.99,1
Get Up (I Feel Like Being A) Sex Machine,0.99,1
Get Up Offa That Thing,0.99,1
Get What You Need,0.99,1
Ghost,0.99,1
Gimmie Shelters,0.99,1
Girl From A Pawnshop,0.99,1
Given To Fly,0.99,1
Giz,0.99,1
Go,0.99,1
Go Back,0.99,1
Go Down,0.99,1
God,0.99,1
God Gave Rock 'n' Roll To You,0.99,1
God Of Thunder,0.99,1
God Part II,0.99,1
Goin' Blind,0.99,1
Going Down / Highway Star,0.99,1
Going To California,0.99,1
Gone,0.99,1
Gostava Tanto De Você,0.99,1
Got That Feeling,0.99,1
Gota D'água,0.99,1
Green Disease,0.99,1
Green Grow The Rushes,0.99,1
Green River,0.99,1
"Greetings from Earth, Pt. 1",1.99,1
"Greetings from Earth, Pt. 2",1.99,1
Grito De Alerta,0.99,1
Groovus Interruptus,0.99,1
Guess Who's Back,0.99,1
Hairshirt,0.99,1
Halloween,1.99,1
Hands All Over,0.99,1
Hang 'Em High,0.99,1
Happy Jack,0.99,1
Hard Luck Woman,0.99,1
Hard To Handle,0.99,1
Harvester Of Sorrow,0.99,1
Hats Off To (Roy) Harper,0.99,1
Hawkmoon 269,0.99,1
He Can Only Hold Her,0.99,1
Headlong,0.99,1
Headspace,0.99,1
Heart In Your Hand,0.99,1
Heart Of Gold,0.99,1
Heart Of Lothian: Wide Boy / Curtain Call,0.99,1
Heartbreaker,0.99,1
Heartland,0.99,1
Heavy Love Affair,0.99,1
Heliopolis,0.99,1
Hell Ain't A Bad Place To Be,0.99,1
Help Yourself,0.99,1
Hemp Family,0.99,1
Here I Am (Come And Take Me),0.99,1
Here I Go Again,0.99,1
Hero,1.99,1
Hey Cisco,0.99,1
Hey Hey,0.99,1
Hey Joe,0.99,1
Hey Tonight,0.99,1
"Hey, Johnny Park!",0.99,1
High Ball Shooter,0.99,1
High Head Blues,0.99,1
Higher Ground,0.99,1
Highway Chile,0.99,1
Hip Hop Rio,0.99,1
Hit The Lights,0.99,1
Holier Than Thou,0.99,1
Holy Smoke,0.99,1
Home Sick Home,0.99,1
Home Sweet Home,0.99,1
Homecoming,1.99,1
Homecoming / The Death Of St. Jimmy / East 12th St. / Nobody Likes You / Rock And Roll Girlfriend / We're Coming Home Again,0.99,1
Homely Girl,0.99,1
Homem Primata,0.99,1
Homem Primata (Vinheta),0.99,1
Honolulu,0.99,1
Hooked Up,0.99,1
Hot Dog,0.99,1
Hot Rockin',0.99,1
Hots On For Nowhere,0.99,1
House of the Rising Sun,1.99,1
Houses Of The Holy,0.99,1
How High The Moon,0.99,1
How The West Was Won And Where It Got Us,0.99,1
Humans Being,0.99,1
Hush,0.99,1
Hypnotize,0.99,1
Hysteria,0.99,1
I Am,0.99,1
I Belong To You,0.99,1
I Can See For Miles,0.99,1
I Can't Quit You Baby,0.99,1
I Can't Quit You Baby(2),0.99,1
I Can't Remember,0.99,1
I Could Die For You,0.99,1
I Could Have Lied,0.99,1
I Do,1.99,1
I Don't Know,0.99,1
I Don't Wanna Be Kissed (By Anyone But You),0.99,1
I Feel Good (I Got You) - Sossego,0.99,1
I Fucking Hate You,0.99,1
I Get A Kick Out Of You,0.99,1
I Heard Love Is Blind,0.99,1
I Know Somethin (Bout You),0.99,1
I Like Dirt,0.99,1
I Looked At You,0.99,1
I Need Love,0.99,1
I Remember California,0.99,1
I Still Haven't Found What I'm Looking For,0.99,1
I Still Haven't Found What I'm Looking for,0.99,1
I Still Love You,0.99,1
I Want It All,0.99,1
I Want To Break Free,0.99,1
I Was Made For Loving You,0.99,1
I Would Do For You,0.99,1
I'm A Boy,0.99,1
I'm Real,0.99,1
Idolatrada,0.99,1
If God Will Send His Angels,0.99,1
If You Don't Know Me By Now,0.99,1
If You Have To Ask,0.99,1
In Bloom,0.99,1
In Your Honor,0.99,1
Indios,0.99,1
Infeliz Natal,0.99,1
Innuendo,0.99,1
Insensível,0.99,1
Inside Job,0.99,1
Instant Karma,0.99,1
Instinto Colectivo,0.99,1
Interlude Zumbi,0.99,1
Into The Fire,0.99,1
Into The Light,0.99,1
Intro / Stronger Than Me,0.99,1
Invaders,0.99,1
Invisible Kid,0.99,1
Ipiranga 2001,0.99,1
Iron Man,0.99,1
Iron Man/Children of the Grave,0.99,1
It Ain't Like That,0.99,1
It Doesn't Matter,0.99,1
It Was A Very Good Year,0.99,1
It's A Hard Life,0.99,1
It's A Man's Man's Man's World,0.99,1
It's Just A Thought,0.99,1
It's Late,0.99,1
It's Only Love,0.99,1
It's So Easy,0.99,1
It's The End Of The World As We Know It (And I Feel Fine),0.99,1
It's Too Funky In Here,0.99,1
It's a Mistake,0.99,1
Ito Okashi,0.99,1
Jacob's Ladder,0.99,1
Jaded,0.99,1
Jah Seh No,0.99,1
Jailbait,0.99,1
Janie's Got A Gun,0.99,1
Jealous Guy,0.99,1
Jean Pierre (Live),0.99,1
Jeito Faceiro,0.99,1
Jeru,0.99,1
Jerusalem,0.99,1
Jesus Christ Pose,0.99,1
Jesus Of Suburbia / City Of The Damned / I Don't Care / Dearly Beloved / Tales Of Another Broken Home,0.99,1
Ji Yeon,1.99,1
Join Together,0.99,1
Jorge Da Capadócia,0.99,1
Journey To Arnhemland,0.99,1
Juazeiro,0.99,1
Jump,0.99,1
Jump In The Fire,0.99,1
Jungle Drums,0.99,1
"Jupiter, the Bringer of Jollity",0.99,1
Just Ain't Good Enough,0.99,1
Just Friends,0.99,1
KKK Bitch,0.99,1
"Karelia Suite, Op.11: 2. Ballade (Tempo Di Menuetto)",0.99,1
Kickstart My Heart,0.99,1
Killing Floor,0.99,1
Kindergarten,0.99,1
King In Crimson,0.99,1
King Nothing,0.99,1
King Of Dreams,0.99,1
King Of Pain,0.99,1
Knockin On Heavens Door,0.99,1
Knocking At Your Back Door,0.99,1
Know Your Rights,0.99,1
La Bella Luna,0.99,1
La Puesta Del Sol,0.99,1
Laguna Sunrise,0.99,1
Lament,0.99,1
Lamento Sertanejo,0.99,1
Lanterna Dos Afogados,0.99,1
Last Caress/Green Hell,0.99,1
Last Night On Earth,0.99,1
Lavadeira,0.99,1
Lazy Gun,0.99,1
Leandro De Itaquera 2001,0.99,1
Leash,0.99,1
Leave,0.99,1
Leila,0.99,1
Lemon,0.99,1
Let It Grow,0.99,1
Let Me Off Uptown,0.99,1
Let's See Action,0.99,1
Letterbomb,0.99,1
Levada do Amor (Ailoviu),0.99,1
Lick It Up,0.99,1
Life During Wartime,0.99,1
Life Line,0.99,1
Lightning Strikes Twice,0.99,1
Ligia,0.99,1
Like A Song...,0.99,1
Like a Stone,0.99,1
Lil' Evil,0.99,1
Lilás,0.99,1
Lindo Lago Do Amor,0.99,1
Linha Do Horizonte,0.99,1
Little Guitars,0.99,1
Little Guitars (Intro),0.99,1
Little Linda,0.99,1
Live To Win,0.99,1
"Live Together, Die Alone, Pt. 1",1.99,1
Live and Let Die,0.99,1
Livin' On The Edge,0.99,1
Living In America,0.99,1
Livre Pra Viver,0.99,1
Lodi,0.99,1
Long As I Can See The Light,0.99,1
Long Tall Sally,0.99,1
Longview,0.99,1
Looking For Love,0.99,1
Lord Of The Flies,0.99,1
Lord of Light,0.99,1
Lords of Karma,0.99,1
Losfer Words,0.99,1
Losing My Religion,0.99,1
"Lost Planet of the Gods, Pt. 1",1.99,1
"Lost Planet of the Gods, Pt. 2",1.99,1
Lost Survival Guide,1.99,1
Lost in Hollywood,0.99,1
Loud Love,0.99,1
Love,0.99,1
Love And Peace Or Else,0.99,1
Love Child,0.99,1
Love Comes,0.99,1
Love Conquers All,0.99,1
Love Don't Mean a Thing,0.99,1
Love Gun,0.99,1
Love In An Elevator,0.99,1
Love Is Blindness,0.99,1
Love Is Strong,0.99,1
Love Of My Life,0.99,1
Love Removal Machine,0.99,1
Love Rescue Me,0.99,1
Loving You Sunday Morning,0.99,1
Low,0.99,1
Low Man's Lyric,0.99,1
Lucky 13,0.99,1
Luis Inacio (300 Picaretas),0.99,1
MFC,0.99,1
Machine Men,0.99,1
Mack The Knife,0.99,1
Macy's Day Parade,0.99,1
Madalena,0.99,1
Magic Bus,0.99,1
Magnetic Ocean,0.99,1
Make Me Believe,0.99,1
Malpractice,0.99,1
Maluco Beleza,0.99,1
Mama Africa,0.99,1
Mama Said,0.99,1
Man On The Edge,0.99,1
Man With The Woman Head,0.99,1
"Man of Science, Man of Faith (Premiere)",1.99,1
Mangueira,0.99,1
Manifest Destiny,0.99,1
Manuel,0.99,1
Maquinarama,0.99,1
Maracatu Atômico,0.99,1
Maracatu Atômico [Trip Hop],0.99,1
Maracatu De Tiro Certeiro,0.99,1
Maria,0.99,1
Maria Fumaça,0.99,1
Maria Maria,0.99,1
Maria Rosa,0.99,1
"Maria, Maria",0.99,1
Marvin,0.99,1
Mas Que Nada,0.99,1
Mateus Enter,0.99,1
May This Be Love,0.99,1
Me & Mr. Jones,0.99,1
Me Deixas Louca,0.99,1
Me In Honey,0.99,1
Me Liga,0.99,1
Mean Disposition,0.99,1
Medo De Escuro,0.99,1
Meet Kevin Johnson,1.99,1
Mellowship Slinky In B Major,0.99,1
Menino Do Rio,0.99,1
Meninos E Meninas,0.99,1
Message in a Bottle (new classic rock mix),0.99,1
Metal Meltdown,0.99,1
Metal Militia,0.99,1
"Metopes, Op. 29: Calypso",0.99,1
Metrô. Linha 743,0.99,1
Meu Guarda-Chuva,0.99,1
Meu Mundo Fica Completo (Com Você),0.99,1
Meu Refrigerador Não Funciona,0.99,1
Michael's Birthday,1.99,1
Midnight,0.99,1
Midnight Cowboy,0.99,1
Millenium,0.99,1
Minha Historia,0.99,1
Minha Namorada,0.99,1
Minority,0.99,1
Miracle To Me,0.99,1
Miss Sarajevo,0.99,1
Misty Mountain Hop,0.99,1
Mistério da Raça,0.99,1
Moby Dick,0.99,1
Mofo,0.99,1
Molina,0.99,1
Momentos Que Marcam,0.99,1
Money,0.99,1
Monkey Wrench,0.99,1
Moon Is Up,0.99,1
Moon germs,0.99,1
Morning Glory,0.99,1
Morro Da Casa Verde 2001,0.99,1
Most High,0.99,1
Moth,0.99,1
Mouth To Mouth,0.99,1
Mr. Brownstone,0.99,1
Mr. Crowley,0.99,1
Muita Bobeira,0.99,1
Mundaréu,0.99,1
Murders In The Rue Morgue,0.99,1
Muçulmano,0.99,1
My Friend Of Misery,0.99,1
My Hero,0.99,1
My Kind Of Town,0.99,1
My Love,0.99,1
My Melancholy Blues,0.99,1
My Mistake,0.99,1
My Ship,0.99,1
My Time After Awhile,0.99,1
My World,0.99,1
Mãe Terra,0.99,1
Música De Trabalho,0.99,1
Música Urbana 2,0.99,1
N.I.B.,0.99,1
Na Frente Da TV,0.99,1
Naked In Front Of The Computer,0.99,1
Naked In The Rain,0.99,1
Navegar Impreciso,0.99,1
Nefertiti,0.99,1
Nem 5 Minutos Guardados,0.99,1
Nem Um Dia,0.99,1
Nervosa,0.99,1
Never Say Die,0.99,1
New Love,0.99,1
New Test Leper,0.99,1
New York,0.99,1
"New York, New York",0.99,1
Neworld,0.99,1
Nico,0.99,1
Night Flight,0.99,1
Night Of The Long Knives,0.99,1
Night Time Is The Right Time,0.99,1
Night Train,0.99,1
No Fundo Do Quintal Da Escola,0.99,1
No Futuro,0.99,1
No Memory,0.99,1
No More Tears,0.99,1
No One Came,0.99,1
No Prayer For The Dying,0.99,1
No Way Back,0.99,1
Nobody Knows You When You're Down & Out,0.99,1
Nobody's Home,0.99,1
Nosso Adeus,0.99,1
Nothin' To Lose,0.99,1
Nothing To Say,0.99,1
Nothing to Hide,1.99,1
Nothingman,0.99,1
Now You're Gone,0.99,1
Numb,0.99,1
Não Dá Mais Pra Segurar (Explode Coração),0.99,1
Não Sei O Que Eu Quero Da Vida,0.99,1
Não Vou Ficar,0.99,1
Não Vou Lutar,0.99,1
O Amor Nao Sabe Esperar,0.99,1
O Beco,0.99,1
O Bicho Tá Pregando,0.99,1
O Boto (Bôto),0.99,1
O Braço Da Minha Guitarra,0.99,1
O Cidadão Do Mundo,0.99,1
O Descobridor Dos Sete Mares,0.99,1
O Dia Em Que A Terra Parou,0.99,1
O Leaozinho,0.99,1
O Livro Dos Dias,0.99,1
O Que Me Importa,0.99,1
O Que Será (À Flor Da Terra),0.99,1
O Que Vai Em Meu Coração,0.99,1
O Trem Da Juventude,0.99,1
O Xote Das Meninas,0.99,1
O Último Romântico (Ao Vivo),0.99,1
Occupation / Precipice,1.99,1
Oceano,0.99,1
Oceans,0.99,1
Odara,0.99,1
Of Wolf And Man,0.99,1
Off He Goes,0.99,1
"Oh, My Love",0.99,1
Old Love,0.99,1
Olodum - Smile (Instrumental),0.99,1
On A Plain,0.99,1
On Fire,0.99,1
On Mercury,0.99,1
One,0.99,1
One For The Road,0.99,1
One Giant Leap,1.99,1
One I Want,0.99,1
One Man's Meat,0.99,1
One Step Closer,0.99,1
Onibusfobia,0.99,1
Only A Dream In Rio,0.99,1
Only the Good Die Young,0.99,1
Opachorô (Live),0.99,1
Opus No.1,0.99,1
Orientation,1.99,1
Original Of The Species,0.99,1
Orion,0.99,1
Os Alquimistas Estão Chegando,0.99,1
Os Cegos Do Castelo,0.99,1
Os Exilados,0.99,1
Otay,0.99,1
Out Of Sight,0.99,1
Out Of Tears,0.99,1
Out On The Tiles,0.99,1
Out Ta Get Me,0.99,1
Outbreak,0.99,1
Outlaws,1.99,1
Outshined,0.99,1
Over And Out,0.99,1
Over The Hills And Far Away,0.99,1
Overdrive,0.99,1
Overtime,0.99,1
Ozone Baby,0.99,1
Padre Cícero,0.99,1
Pagan Baby,0.99,1
Pais E Filhos,0.99,1
Paisagem Na Janela,0.99,1
Palavras,0.99,1
Palavras Ao Vento,0.99,1
Palco,0.99,1
Panama,0.99,1
Panis Et Circenses,0.99,1
Papa's Got A Brand New Bag Pt.1,0.99,1
Papeau Nuky Doe,0.99,1
Papelão,0.99,1
Par Avion,1.99,1
Para Lennon E McCartney,0.99,1
Parabolicamará,0.99,1
Paradise City,0.99,1
Parallel Universe,0.99,1
Paranoid,0.99,1
Parasite,1.99,1
"Partita in E Major, BWV 1006A: I. Prelude",0.99,1
"Past, Present, and Future",1.99,1
Paths Of Glory,0.99,1
Pau-De-Arara,0.99,1
"Peer Gynt Suite No.1, Op.46: 1. Morning Mood",0.99,1
Pela Internet (Live),0.99,1
Pensamento,0.99,1
Perfect Circle,0.99,1
Perplexo,0.99,1
Persuasion,0.99,1
Phantom Of The Opera,0.99,1
"Piano Sonata No. 14 in C Sharp Minor, Op. 27, No. 2, ""Moonlight"": I. Adagio sostenuto",0.99,1
Pick Myself Up,0.99,1
Pictures Of Home,0.99,1
Pictures Of Lily,0.99,1
Pinball Wizard,0.99,1
Pini Di Roma (Pinien Von Rom) \ I Pini Della Via Appia,0.99,1
Planet Home,0.99,1
Playtime,0.99,1
Please Don't Touch,0.99,1
Plush,0.99,1
Podes Crer,0.99,1
Podres Poderes,0.99,1
Poeira,0.99,1
Polícia (Vinheta),0.99,1
Ponta de Areia,0.99,1
Ponto De Interrogação,0.99,1
Poor Tom,0.99,1
Poor Twisted Me,0.99,1
Poprocks And Coke,0.99,1
Por Que Será,0.99,1
Porcelain,0.99,1
Porch,0.99,1
"Posso Perder Minha Mulher, Minha Mãe, Desde Que Eu Tenha O Rock And Roll",0.99,1
Pot-Pourri N.º 2,0.99,1
Pot-Pourri N.º 4,0.99,1
Pot-Pourri N.º 5,0.99,1
Pour Some Sugar On Me,0.99,1
Praise,0.99,1
Preciso Apender a Viver Só (Maysa),0.99,1
Prenda Minha,0.99,1
Pretty Persuasion,0.99,1
Pretty Tied Up,0.99,1
Primal Scream,0.99,1
Primary,0.99,1
Prince Charming,0.99,1
Princess of the Dawn,0.99,1
Principiando/Decolagem,0.99,1
Pristina,0.99,1
Problem Child,0.99,1
Producer's Cut: The Return,1.99,1
"Prometheus Overture, Op. 43",0.99,1
Protesto Do Olodum (Ao Vivo),0.99,1
Proud Mary,0.99,1
Prá Dizer Adeus,0.99,1
Pseudo Silk Kimono,0.99,1
Psychopomp,0.99,1
Purgatory,0.99,1
Put The Finger On You,0.99,1
Put Your Head Out,0.99,1
Put Your Lights On,0.99,1
Puteiro Em João Pessoa,0.99,1
Quando Você Voltar,0.99,1
Quanta (Live),0.99,1
Quase Um Segundo,0.99,1
Queixa,0.99,1
Quem Mata A Mulher Mata O Melhor,0.99,1
Querem Meu Sangue,0.99,1
RV,0.99,1
Radio Free Aurope,0.99,1
Radio GA GA,0.99,1
Radio/Video,0.99,1
Rag Doll,0.99,1
Ram It Down,0.99,1
Ramshackle Man,0.99,1
Rasul,0.99,1
Razor,0.99,1
Real Thing,0.99,1
Realce,0.99,1
Realword,0.99,1
Red House,0.99,1
Redundant,0.99,1
Refavela (Live),0.99,1
Refazenda,0.99,1
Reggae Odoyá,0.99,1
Reggae Tchan,0.99,1
Rehab (Hot Chip Remix),0.99,1
Relvelation (Mother Earth),0.99,1
Remedy,0.99,1
"Requiem, Op.48: 4. Pie Jesu",0.99,1
Respectable,0.99,1
Restless and Wild,0.99,1
Revenga,0.99,1
Rhinocerous,0.99,1
Ride The Lightning,0.99,1
Right Next Door to Hell,0.99,1
Right Now,0.99,1
Right Through You,0.99,1
Rime of the Ancient Mariner,0.99,1
Rios Pontes & Overdrives,0.99,1
Rita Lee,0.99,1
River Song,0.99,1
Riviera Paradise,0.99,1
Ro-Que-Se-Da-Ne,0.99,1
Road Trippin',0.99,1
Rock 'N' Roll Music,0.99,1
Rock And Roll Is Dead,0.99,1
Rock Das Aranhas (Ao Vivo) (Live),0.99,1
Rock Of Ages,0.99,1
Rock On,0.99,1
Rock The Casbah,0.99,1
Rollover D.J.,0.99,1
Romaria,0.99,1
Romaria (Renato Teixeira),0.99,1
Romeo et Juliette: No. 11 - Danse des Chevaliers,0.99,1
Roxanne,0.99,1
Run Through The Jungle,0.99,1
Run To The Hilss,0.99,1
Run to the Hills,0.99,1
Running Free,0.99,1
Rusty Cage,0.99,1
Réu Confesso,0.99,1
S.O.S.,1.99,1
SKA,0.99,1
"Sabbath, Bloody Sabbath",0.99,1
Sad Statue,0.99,1
Safe and Sound,0.99,1
Safety Training,1.99,1
Saint Of Me,0.99,1
Salutations,0.99,1
Salve Nossa Senhora,0.99,1
Salve Simpatia,0.99,1
Sam With The Showing Scalp Flat Top,0.99,1
Samba Da Volta,0.99,1
Samba Do Jato,0.99,1
Samba Em Prelúdio,0.99,1
Samba Makossa,0.99,1
Samba Pra Endrigo,0.99,1
Samba da Bençaco,0.99,1
Samba pras moças,0.99,1
Same Ol' Situation,0.99,1
Sampa,0.99,1
San Francisco Bay Blues,0.99,1
Sangue De Bairro,0.99,1
Santa Clara Clareou,0.99,1
Santana Jam,0.99,1
Santo Antonio,0.99,1
Sapato 36,0.99,1
Sapopemba e Maxambomba,0.99,1
Satch Boogie,0.99,1
Satisfação,0.99,1
Saudade Dos Aviões Da Panair (Conversando No Bar),0.99,1
Saudosa Maloca,0.99,1
Saudosismo,0.99,1
Save Me,0.99,1
Say Hello 2 Heaven,0.99,1
"Say It Loud, I'm Black And I'm Proud Pt.1",0.99,1
Scar On the Sky,0.99,1
Scentless Apprentice,0.99,1
Scratch-N-Sniff,0.99,1
Se Liga,0.99,1
Se...,0.99,1
Sea Of Sorrow,0.99,1
Sea of Madness,0.99,1
Seconds,0.99,1
Secrets,0.99,1
See You,0.99,1
Seek & Destroy,0.99,1
Seek And You Shall Find,0.99,1
Segue O Seco,0.99,1
Seis Da Tarde,0.99,1
Sem Essa de Malandro Agulha,0.99,1
Sem Sentido,0.99,1
Sereia,0.99,1
Será,0.99,1
Será Que Vai Chover?,0.99,1
Set It Off,0.99,1
Seu Balancê,0.99,1
Seven Minutes to Midnight,1.99,1
Seven Seas Of Rhye,0.99,1
Seventh Son of a Seventh Son,0.99,1
Severed Hand,0.99,1
Sex Type Thing,0.99,1
Shape of Things to Come,0.99,1
She Wears Black,0.99,1
Sheer Heart Attack,0.99,1
Shining In The Light,0.99,1
Shiny Happy People,0.99,1
Shotgun Blues,0.99,1
Shout At The Devil,0.99,1
Shout It Out Loud,0.99,1
Show Me How to Live (Live at the Quart Festival),0.99,1
Showcase,0.99,1
Sick Again,0.99,1
Signe,0.99,1
Silver And Gold,0.99,1
Sincero Breu,0.99,1
Sing Joyfully,0.99,1
Sir Psycho Sexy,0.99,1
Sister Awake,0.99,1
Slave,0.99,1
Sleep On The Sidewalk,0.99,1
Slowness,0.99,1
Slug,0.99,1
Smells Like Teen Spirit (Ao Vivo),0.99,1
Smoked Pork,0.99,1
Smokin' in The Boys Room,0.99,1
So Beautiful,0.99,1
So Cruel,0.99,1
"So Fast, So Numb",0.99,1
So Por Amor,0.99,1
Sobremesa,0.99,1
Socorro,0.99,1
Soldado Da Paz,0.99,1
Solitary,1.99,1
Solo-Panhandler,0.99,1
Some Kind Of Monster,0.99,1
Some Unholy War,0.99,1
Someday Never Comes,0.99,1
Something Nice Back Home,1.99,1
Sometimes I Feel Like Screaming,0.99,1
Sometimes Salvation,0.99,1
Sonata for Solo Violin: IV: Presto,0.99,1
Song For Lorraine,0.99,1
Sonifera Ilha,0.99,1
Sons Of Freedom,0.99,1
Soot & Stars,0.99,1
Soul Education,0.99,1
Soul Parsifal,0.99,1
Soul Singing,0.99,1
Sound of a Gun,0.99,1
Sozinho,0.99,1
Sozinho (Caêdrum 'n' Bass),0.99,1
Sozinho (Hitmakers Classic Mix),0.99,1
Space Truckin',0.99,1
Spanish Eyes,0.99,1
"Spanish moss-""A sound portrait""-Spanish moss",0.99,1
Spank Thru,0.99,1
Spellbound,0.99,1
Spirit Walker,0.99,1
Spoonman,0.99,1
Spread Your Wings,0.99,1
Squeeze Box,0.99,1
St. Jimmy,0.99,1
Stand Inside Your Love,0.99,1
Star A.D.,0.99,1
Staring At The Sun,0.99,1
Stars,0.99,1
"Stay (Faraway, So Close!)",0.99,1
Still,0.99,1
Still Life,0.99,1
Still Loving You,0.99,1
Still Of The Night,0.99,1
Sting Me,0.99,1
Stone Crazy,0.99,1
Stone Free,0.99,1
Straight Out Of Line,0.99,1
Strange Kind Of Woman,0.99,1
Stranger In a Strange Land,1.99,1
Stranger in a Strange Land,0.99,1
Stripsearch,0.99,1
Strutter,0.99,1
Stuck With Me,0.99,1
Sua Impossivel Chance,0.99,1
Suck My Kiss,0.99,1
Suck On The Jugular,0.99,1
"Suite for Solo Cello No. 1 in G Major, BWV 1007: I. Prélude",0.99,1
Summer Love,0.99,1
Super Terrorizer,0.99,1
Surprise! You're Dead!,0.99,1
"Suzie-Q, Pt. 2",0.99,1
Sweet Lady Luck,0.99,1
Sweet Soul Sister,0.99,1
Sweethearts Together,0.99,1
Swing Low Sweet Chariot,0.99,1
"Symphony No. 104 in D Major ""London"": IV. Finale: Spiritoso",0.99,1
"Symphony No. 2, Op. 16 -  ""The Four Temperaments"": II. Allegro Comodo e Flemmatico",0.99,1
Symphony No. 2: III. Allegro vivace,0.99,1
"Symphony No. 3 Op. 36 for Orchestra and Soprano ""Symfonia Piesni Zalosnych"" \ Lento E Largo - Tranquillissimo",0.99,1
"Symphony No. 41 in C Major, K. 551, ""Jupiter"": IV. Molto allegro",0.99,1
Sympton of the Universe,0.99,1
Sábado A Noite,0.99,1
Século XXI,0.99,1
Sítio Do Pica-Pau Amarelo,0.99,1
Tailgunner,0.99,1
Take The Power,0.99,1
Take This Bottle,0.99,1
Take the Box,0.99,1
Take the Celestra,1.99,1
Talk About The Passion,0.99,1
"Tapa Aqui, Descobre Ali",0.99,1
Tatuagem,0.99,1
Tea For One,0.99,1
Tears Dry On Their Own,0.99,1
Tears In Heaven,0.99,1
Tease Me Please Me,0.99,1
Tempo Rei,0.99,1
Tempos Modernos,0.99,1
Ten Years Gone,0.99,1
Tendo A Lua,0.99,1
Terra,0.99,1
Territorial Pissings,0.99,1
Texarkana,0.99,1
"Texto ""Verdade Tropical""",0.99,1
The 23rd Psalm,1.99,1
The Alchemist,0.99,1
The Angel And The Gambler,0.99,1
The Assassin,0.99,1
The Battle Rages On,0.99,1
The Begining... At Last,0.99,1
The Beginning of the End,1.99,1
The Beginning...At Last,0.99,1
The Call Of Ktulu,0.99,1
The Carpet,1.99,1
The Convention,1.99,1
The Convict,1.99,1
The Coup,1.99,1
The Crunge,0.99,1
The Crystal Ship,0.99,1
The Cut Runs Deep,0.99,1
The Day I Tried To Live,0.99,1
The Deeper The Love,0.99,1
The Dundies,1.99,1
The Economist,1.99,1
The Educated Fool,0.99,1
The Finest Worksong,0.99,1
The First Time,0.99,1
The Fly,0.99,1
The Four Horsemen,0.99,1
The Frayed Ends Of Sanity,0.99,1
The Fugitive,0.99,1
The Gentle Art Of Making Enemies,0.99,1
The Glass Ballerina,1.99,1
The God That Failed,0.99,1
The Great Gig In The Sky,0.99,1
"The Gun On Ice Planet Zero, Pt. 1",1.99,1
"The Gun On Ice Planet Zero, Pt. 2",1.99,1
The Hand of God,1.99,1
The Hard Part,1.99,1
The Ides Of March,0.99,1
The Initiation,1.99,1
The Invisible Man,0.99,1
The Job,1.99,1
The Last Remaining Light,0.99,1
The Lemon Song,0.99,1
"The Living Legend, Pt. 1",1.99,1
"The Living Legend, Pt. 2",1.99,1
The Long Con,1.99,1
The Long Patrol,1.99,1
The Lost Warrior,1.99,1
The Magnificent Warriors,1.99,1
The Man Behind the Curtain,1.99,1
The Meaning Of The Blues,0.99,1
The Memory Remains,0.99,1
"The Messiah: Behold, I Tell You a Mystery... The Trumpet Shall Sound",0.99,1
The More I See,0.99,1
The Morning After,0.99,1
The Moth,1.99,1
The Ocean,0.99,1
The Other 48 Days,1.99,1
The Outlaw Torn,0.99,1
The Pan Piper,0.99,1
The Passage,1.99,1
The Pilgrim,0.99,1
The Playboy Mansion,0.99,1
The Power Of Equality,0.99,1
The Prophecy,0.99,1
The Right Thing,0.99,1
The River (Remix),0.99,1
The Seeker,0.99,1
The Show Must Go On,0.99,1
The Small Hours,0.99,1
The Struggle Within,0.99,1
The Sun Road,0.99,1
The Thing That Should Not Be,0.99,1
The Three Sunrises,0.99,1
The Tower,0.99,1
The Unbeliever,0.99,1
The Unforgettable Fire,0.99,1
The Unwritten Law,0.99,1
The Wait,0.99,1
The Wake-Up Bomb,0.99,1
The Wanderer,0.99,1
The Whole Truth,1.99,1
The Wind Cries Mary,0.99,1
The Wrong Child,0.99,1
The Zephyr Song,0.99,1
The Zoo,0.99,1
Theme From The Swan,0.99,1
"There's No Place Like Home, Pt. 3",1.99,1
These Colours Don't Run,0.99,1
They're Red Hot,0.99,1
Thief In The Night,0.99,1
Think About You,0.99,1
Thinking 'Bout Tomorrow,0.99,1
This Is Radio Clash,0.99,1
This Is The Place,0.99,1
Through The Never,0.99,1
Through a Looking Glass,1.99,1
"Through the Looking Glass, Pt. 1",1.99,1
Tightrope,0.99,1
Time,0.99,1
Time Is On My Side,0.99,1
To Live Is To Die,0.99,1
To Tame A Land,0.99,1
Toda Menina Baiana,0.99,1
Todo Amor (Asas Da Liberdade),0.99,1
Todo Amor Que Houver Nesta Vida,0.99,1
Todo Mundo Explica,0.99,1
Todo o Carnaval tem seu Fim,0.99,1
Tombstone Shadow,0.99,1
Tommy Gun,0.99,1
Tomorrow's Dream,0.99,1
Too Young To Die,0.99,1
Top O' The Morning To Ya,0.99,1
Top Top,0.99,1
Trac Trac,0.99,1
Tradição,0.99,1
Trampled Under Foot,0.99,1
Transylvania,0.99,1
"Trash, Trampoline And The Party Girl",0.99,1
Travelling Riverside Blues,0.99,1
TriboTchan,0.99,1
Trocando Em Miúdos,0.99,1
True Believers,0.99,1
Trupets Of Jericho,0.99,1
Três Lados,0.99,1
Tudo Bem,0.99,1
Tudo Na Mais Santa Paz,0.99,1
Tuesday's Gone,0.99,1
Turn The Page,0.99,1
Twentienth Century Fox,0.99,1
Two Fanfares for Orchestra: II. Short Ride in a Fast Machine,0.99,1
Two Steps Behind [Acoustic Version],0.99,1
Tyrant (Live),0.99,1
Ugly In The Morning,0.99,1
"Um Amor, Um Lugar",0.99,1
Um Dia Qualquer,0.99,1
Um Homem Chamado Alfredo,0.99,1
Um Indio,0.99,1
Um Jantar Pra Dois,0.99,1
Um Love,0.99,1
Um Lugar ao Sol,0.99,1
Um Passeio No Mundo Livre,0.99,1
Um Satélite Na Cabeça,0.99,1
Uma Brasileira,0.99,1
Unchained,0.99,1
Under My Thumb,0.99,1
Under Pressure,0.99,1
Under The Sun/Every Day Comes and Goes,0.99,1
Underwater Love,0.99,1
Unfinished Business,1.99,1
United Colours,0.99,1
União Da Ilha,0.99,1
Uns Dias,0.99,1
Until It Sleeps,0.99,1
Until We Fall,0.99,1
Up An' Atom,0.99,1
Up Around The Bend,0.99,1
Vai Passar,0.99,1
Vai Valer,0.99,1
Valentino's,0.99,1
Vamo Batê Lata,0.99,1
Vavoom : Ted The Mechanic,0.99,1
Verdade,0.99,1
Vertigo,0.99,1
Vida Boa,0.99,1
Vida De Cachorro,0.99,1
Viradouro,0.99,1
Virginia Moon,0.99,1
Voce Inteira,0.99,1
Voce Nao Entende Nada - Cotidiano,0.99,1
Você,0.99,1
Você Fugiu,0.99,1
"Você Passa, Eu Acho Graça (Ao Vivo)",0.99,1
Vou Pra Ai,0.99,1
Vulcão Dub - Fui Eu,0.99,1
Vôo Sobre o Horizonte,0.99,1
W.M.A.,0.99,1
Waiting On A Sign,0.99,1
Wake Me Up When September Ends,0.99,1
Wake Up,0.99,1
Wake Up Alone,0.99,1
Wake Up Dead Man,0.99,1
Walk On,0.99,1
Walk To The Water,0.99,1
Walkin' Blues,0.99,1
Walking After You,0.99,1
Walking Contradiction,0.99,1
Walking On The Water,0.99,1
Walking Wounded,0.99,1
Wall Of Denial,0.99,1
Wanted Dread And Alive,0.99,1
War (The Process),0.99,1
"War of the Gods, Pt. 2",1.99,1
Wasting Love,0.99,1
Waterhole (Expresso Bongo),0.99,1
Wave (Os Cariocas),0.99,1
We Will Rock You,0.99,1
We're Gonna Groove,0.99,1
Wear You To The Ball,0.99,1
Wearing And Tearing,0.99,1
Welcome to the Jungle,0.99,1
"Wellington's Victory or the Battle Symphony, Op.91: 2. Symphony of Triumph",0.99,1
Were Do We Go From Here,0.99,1
Wet My Bed,0.99,1
What If I Do?,0.99,1
What Is And What Should Never Be,0.99,1
What It Takes,0.99,1
What Now My Love,0.99,1
Whatever Gets You Thru the Night,0.99,1
When Evening Falls,0.99,1
When I Had Your Love,0.99,1
When Love & Hate Collide,0.99,1
When The Levee Breaks,0.99,1
When The World Was Young,0.99,1
When You Gonna Learn (Digeridoo),0.99,1
Where Have All The Good Times Gone?,0.99,1
Where The River Goes,0.99,1
Where The Wild Things Are,0.99,1
Wherever You May Go,0.99,1
Whiplash,0.99,1
White Feather,0.99,1
White Riot,0.99,1
Who Needs You,0.99,1
Who Wants To Live Forever,0.99,1
Who'll Stop The Rain,0.99,1
Whole Lotta Love,0.99,1
Whole Lotta Love (Medley),0.99,1
Why Go,0.99,1
Wild Hearted Son,0.99,1
Wild Side,0.99,1
Wildest Dreams,0.99,1
Winterlong,0.99,1
With Or Without You,0.99,1
Women In Uniform,0.99,1
Won't Get Fooled Again (Full Length Version),0.99,1
Wonderful Tonight,0.99,1
Woodpecker From Mars,0.99,1
World Wide Suicide,0.99,1
Wrote A Song For Everyone,0.99,1
X-9 2001,0.99,1
Xanadu,0.99,1
Xote Dos Milagres,0.99,1
Yahweh,0.99,1
Yesterday To Tomorrow,0.99,1
Yesterdays,0.99,1
You Ain't the First,0.99,1
You Are The Everything,0.99,1
You Can't Do it Right (With the One You Love),0.99,1
You Could Be Mine,0.99,1
You Fool No One,0.99,1
You Keep On Moving,0.99,1
You Know I'm No Good,0.99,1
You Know I'm No Good (feat. Ghostface Killah),0.99,1
You Learn,0.99,1
You Oughta Know,0.99,1
You Really Got Me,0.99,1
You Shook Me,0.99,1
You Shook Me(2),0.99,1
You Sure Love To Ball,0.99,1
You're Gonna Break My Hart Again,0.99,1
You've Been A Long Time Coming,0.99,1
Your Blue Room,0.99,1
Your Time Has Come,0.99,1
Zambação,0.99,1
Zeca Violeiro,0.99,1
Zither,0.99,1
Zooropa,0.99,1
Zé Trindade,0.99,1
[Just Like] Starting Over,0.99,1
[Untitled],0.99,1
Às Vezes,0.99,1
Água E Fogo,0.99,1
Água de Beber,0.99,1
É Fogo,0.99,1
"Étude 1, In C Major - Preludio (Presto) - Liszt",0.99,1
Óculos,0.99,1
