Name,UnitPrice,Revenus
The Trooper,0.99,49.5
Eruption,0.99,45.54
The Fix,1.99,43.77
The Woman King,1.99,43.77
Walkabout,1.99,43.77
Untitled,0.99,37.62
The Number Of The Beast,0.99,34.65
Sure Know Something,0.99,32.67
Where Eagles Dare,0.99,31.68
Phyllis's Wedding,1.99,29.82
Dazed and Confused,0.99,28.71
Heaven Can Wait,0.99,28.71
Iron Maiden,0.99,28.71
Linha Do Equador,0.99,28.71
Afraid To Shoot Strangers,0.99,27.72
Animal,0.99,27.72
Polly,0.99,27.72
Smells Like Teen Spirit,0.99,27.72
Stormbringer,0.99,27.72
The Unforgiven,0.99,27.72
The Wicker Man,0.99,27.72
You Got Me Rocking,0.99,27.72
Blood Brothers,0.99,26.73
Collaborators,1.99,25.86
Deus Ex Machina,1.99,25.86
Insensível,0.99,25.86
"Live Together, Die Alone, Pt. 1",1.99,25.86
"Man of Science, Man of Faith (Premiere)",1.99,25.86
One Giant Leap,1.99,25.86
Outlaws,1.99,25.86
Par Avion,1.99,25.86
So Cruel,0.99,25.86
Stranger In a Strange Land,1.99,25.86
The Moth,1.99,25.86
Hallelujah Here She Comes,0.99,25.82
Peace On Earth,0.99,24.85
2 Minutes To Midnight,0.99,24.75
Can I Play With Madness,0.99,24.75
Good Golly Miss Molly,0.99,24.75
Welcome Home (Sanitarium),0.99,24.75
"""?""",1.99,23.86
Acrobat,0.99,23.86
Catch-22,1.99,23.86
Company Man,1.99,23.86
"Crossroads, Pt. 1",1.99,23.86
Dancing Barefoot,0.99,23.86
Enter 77,1.99,23.86
Even Better Than The Real Thing,0.99,23.86
Exposé,1.99,23.86
House of the Rising Sun,1.99,23.86
Lost Survival Guide,1.99,23.86
Orientation,1.99,23.86
Seven Minutes to Midnight,1.99,23.86
How to Stop an Exploding Man,1.99,23.85
Brasil,0.99,23.76
Plaster Caster,0.99,23.76
Selvagem,0.99,23.76
City Of Blinding Lights,0.99,22.85
Everlasting Love,0.99,22.82
Miami,0.99,22.82
A Cor Do Sol,0.99,22.77
Ando Meio Desligado,0.99,22.77
Big Wave,0.99,22.77
Celebration Day,0.99,22.77
Comin' Home,0.99,22.77
Comportamento Geral,0.99,22.77
Dazed And Confused,0.99,22.77
Dezesseis,0.99,22.77
Drifter,0.99,22.77
Falamansa Song,0.99,22.77
Fear Of The Dark,0.99,22.77
For the Greater Good of God,0.99,22.77
Já Foi,0.99,22.77
L'Avventura,0.99,22.77
Light Years,0.99,22.77
Lixo Do Mangue,0.99,22.77
Maybe I'm A Leo,0.99,22.77
Menestrel Das Alagoas,0.99,22.77
Mis Penas Lloraba Yo (Ao Vivo) Soy Gitano (Tangos),0.99,22.77
Mr. Cab Driver,0.99,22.77
No No No,0.99,22.77
Norwegian Wood,0.99,22.77
Not The Doctor,0.99,22.77
Plot 180,0.99,22.77
Por Causa De Você,0.99,22.77
Prowler,0.99,22.77
Right On Time,0.99,22.77
Smoke On The Water,0.99,22.77
Speed Of Light,0.99,22.77
Sun King,0.99,22.77
Take It Or Leave It,0.99,22.77
Tear,0.99,22.77
Tempo Perdido,0.99,22.77
The Duke,0.99,22.77
The Last Song,0.99,22.77
The Thin Line Between Love & Hate,0.99,22.77
Times Like These,0.99,22.77
Train In Vain,0.99,22.77
Under The Bridge,0.99,22.77
"Whatever It Is, I Just Can't Stop",0.99,22.77
Year to the Day,0.99,22.77
...And Found,1.99,21.86
Adrift,1.99,21.86
Christmas Party,1.99,21.86
Dirty Little Thing,0.99,21.86
Diwali,1.99,21.86
Exodus (Part 2) [Season Finale],1.99,21.86
Here I Go Again,0.99,21.86
Michael's Birthday,1.99,21.86
Mofo,0.99,21.86
S.O.S.,1.99,21.86
Sapopemba e Maxambomba,0.99,21.86
Seu Balancê,0.99,21.86
So Por Amor,0.99,21.86
Spanish Eyes,0.99,21.86
The 23rd Psalm,1.99,21.86
The Deeper The Love,0.99,21.86
The Dundies,1.99,21.86
The Fly,0.99,21.86
The Long Con,1.99,21.86
The Long Patrol,1.99,21.86
The Man Behind the Curtain,1.99,21.86
The Other 48 Days,1.99,21.86
The Whole Truth,1.99,21.86
Walk On,0.99,21.86
Flying High Again,0.99,21.78
Gay Witch Hunt,1.99,20.85
When I Look At The World,0.99,20.84
Slither,0.99,20.82
All Along The Watchtower,0.99,19.85
Branch Closing,1.99,19.84
Imagine,0.99,19.82
"Symphonie Fantastique, Op. 14: V. Songe d'une nuit du sabbat",0.99,19.82
Acelerou,0.99,19.8
Dream Of Mirrors,0.99,19.8
Leave My Girl Alone,0.99,19.8
Primavera,0.99,19.8
Run To The Hills,0.99,19.8
So What,0.99,19.8
The Evil That Men Do,0.99,19.8
"A Benihana Christmas, Pts. 1 & 2",1.99,18.86
Born to Run,1.99,18.86
Dave,1.99,18.86
Diversity Day,1.99,18.86
Faixa Amarela,0.99,18.86
Fire + Water,1.99,18.86
God Part II,0.99,18.86
Halloween,1.99,18.86
Headspace,0.99,18.86
Homecoming,1.99,18.86
Love Is Blindness,0.99,18.86
Neworld,0.99,18.86
Now You're Gone,0.99,18.86
One,0.99,18.86
Original Of The Species,0.99,18.86
Primary,0.99,18.86
Samba Do Jato,0.99,18.86
Sem Essa de Malandro Agulha,0.99,18.86
Solitary,1.99,18.86
The Carpet,1.99,18.86
Tudo Na Mais Santa Paz,0.99,18.86
Verdade,0.99,18.86
Vertigo,0.99,18.86
Hot Girl,1.99,18.85
Surrender,0.99,18.81
Release,0.99,18.81
Better Halves,1.99,17.91
"Crossroads, Pt. 2",1.99,17.91
Hero,1.99,17.91
I Do,1.99,17.91
Parasite,1.99,17.91
The Glass Ballerina,1.99,17.91
Lugar Nenhum,0.99,17.85
Toda Cor,0.99,17.85
A Novidade (Live),0.99,17.82
Azul,0.99,17.82
Açai,0.99,17.82
Babylon,0.99,17.82
Banditismo Por Uma Questa,0.99,17.82
Bowels Of The Devil,0.99,17.82
Bullet With Butterfly Wings,0.99,17.82
Bumbo Da Mangueira,0.99,17.82
Cherub Rock,0.99,17.82
Don't Take Your Love From Me,0.99,17.82
Down by the Sea,0.99,17.82
Firmamento,0.99,17.82
Get Up,0.99,17.82
Ghost Of The Navigator,0.99,17.82
Gyroscope,0.99,17.82
I'm Going Slightly Mad,0.99,17.82
Intro,0.99,17.82
King For A Day,0.99,17.82
Lamento De Carnaval,0.99,17.82
Lemon Drop,0.99,17.82
Menino De Rua,0.99,17.82
Nossa Gente (Avisa Là),0.99,17.82
Onde Você Mora?,0.99,17.82
Pela Luz dos Olhos Teus (Miúcha e Tom Jobim),0.99,17.82
Pretty Noose,0.99,17.82
Radio Song,0.99,17.82
Re-Align,0.99,17.82
Run Silent Run Deep,0.99,17.82
Sanctuary,0.99,17.82
Shakes and Ladders,0.99,17.82
Somebody To Love,0.99,17.82
Stone Cold Crazy,0.99,17.82
Sunshine Of Your Love,0.99,17.82
Só Tinha De Ser Com Você,0.99,17.82
Voodoo,0.99,17.82
Walter's Walk,0.99,17.82
When My Left Eye Jumps,0.99,17.82
Wrathchild,0.99,17.82
You Better You Bet,0.99,17.82
You're My Best Friend,0.99,17.82
Hallowed Be Thy Name,0.99,17.82
Armadura,0.99,16.86
Atomic Punk,0.99,16.86
Billie Jean,0.99,16.86
Camarão que Dorme e Onda Leva,0.99,16.86
Commercial 2,0.99,16.86
Coração Em Desalinho,0.99,16.86
Die Walküre: The Ride of the Valkyries,0.99,16.86
Dirty Water Dog,0.99,16.86
Do It For The Kids,0.99,16.86
Email Surveillance,1.99,16.86
Four Walled World,0.99,16.86
Humans Being,0.99,16.86
Instinto Colectivo,0.99,16.86
Ji Yeon,1.99,16.86
Love Comes,0.99,16.86
Moth,0.99,16.86
"Past, Present, and Future",1.99,16.86
Salutations,0.99,16.86
Samba Pra Endrigo,0.99,16.86
Sound of a Gun,0.99,16.86
Still Of The Night,0.99,16.86
"Suite for Solo Cello No. 1 in G Major, BWV 1007: I. Prélude",0.99,16.86
The Hard Part,1.99,16.86
"There's No Place Like Home, Pt. 3",1.99,16.86
Unchained,0.99,16.86
You're Gonna Break My Hart Again,0.99,16.86
Beautiful Boy,0.99,16.85
War Pigs,0.99,16.85
Rehab,0.99,16.85
"Scheherazade, Op. 35: I. The Sea and Sindbad's Ship",0.99,16.85
Sweetest Thing,0.99,16.83
All Night Thing,0.99,15.86
Call Me a Dog,0.99,15.86
Canon and Gigue in D Major: I. Canon,0.99,15.86
Chega no Suingue,0.99,15.86
Din Din Wo (Little Child),0.99,15.86
Disappearing Act,0.99,15.86
He Can Only Hold Her,0.99,15.86
"Jupiter, the Bringer of Jollity",0.99,15.86
Meet Kevin Johnson,1.99,15.86
Muita Bobeira,0.99,15.86
"Piano Sonata No. 14 in C Sharp Minor, Op. 27, No. 2, ""Moonlight"": I. Adagio sostenuto",0.99,15.86
"Requiem, Op.48: 4. Pie Jesu",0.99,15.86
Safe and Sound,0.99,15.86
Say Hello 2 Heaven,0.99,15.86
Scar On the Sky,0.99,15.86
Shape of Things to Come,0.99,15.86
Show Me How to Live (Live at the Quart Festival),0.99,15.86
Something Nice Back Home,1.99,15.86
"Symphony No. 104 in D Major ""London"": IV. Finale: Spiritoso",0.99,15.86
The Economist,1.99,15.86
"The Messiah: Behold, I Tell You a Mystery... The Trumpet Shall Sound",0.99,15.86
Two Fanfares for Orchestra: II. Short Ride in a Fast Machine,0.99,15.86
Um Lugar ao Sol,0.99,15.86
Until We Fall,0.99,15.86
I Can't Explain,0.99,15.85
Communication Breakdown,0.99,15.84
Cornucopia,0.99,15.84
Drum Boogie,0.99,15.84
Esquinas,0.99,15.84
Folhas Secas,0.99,15.84
Heaven Coming Down,0.99,15.84
Helpless,0.99,15.84
Nega Do Cabelo Duro,0.99,15.84
Paint It Black,0.99,15.84
Powerslave,0.99,15.84
Saturnine,0.99,15.84
Save The Children,0.99,15.84
Stir It Up (Live),0.99,15.84
Tanto Tempo,0.99,15.84
Turbo Lover,0.99,15.84
Um Amor Puro,0.99,15.84
A Day In the Life,1.99,14.91
Amanhã Não Se Sabe,0.99,14.91
Distractions,1.99,14.91
Eu E Ela,0.99,14.91
"Exodus, Pt. 1",1.99,14.91
Genesis,1.99,14.91
Nothing to Hide,1.99,14.91
Sonifera Ilha,0.99,14.91
Unfinished Business,1.99,14.91
Pilot,1.99,14.89
A Melhor Forma,0.99,14.87
Give Peace a Chance,0.99,14.87
Amor De Muito,0.99,14.85
Battery,0.99,14.85
Better Than You,0.99,14.85
Breakdown,0.99,14.85
Bron-Y-Aur Stomp,0.99,14.85
C'est La Vie,0.99,14.85
Cabeça Dinossauro,0.99,14.85
Children Of The Grave,0.99,14.85
Comida,0.99,14.85
Country Feedback,0.99,14.85
Deuces Are Wild,0.99,14.85
Dirty Day,0.99,14.85
Don't Look To The Eyes Of A Stranger,0.99,14.85
Easy,0.99,14.85
Esporrei Na Manivela,0.99,14.85
For Whom The Bell Tolls,0.99,14.85
For Your Life,0.99,14.85
Gangland,0.99,14.85
Garden of Eden,0.99,14.85
Geni E O Zepelim,0.99,14.85
Hey America,0.99,14.85
I Believe,0.99,14.85
Judgement Of Heaven,0.99,14.85
L'Arc En Ciel De Miles,0.99,14.85
Last Cup Of Sorrow,0.99,14.85
Living On Love,0.99,14.85
"Mama, I'm Coming Home",0.99,14.85
Meu Erro,0.99,14.85
Midlife Crisis,0.99,14.85
Midnight From The Inside Out,0.99,14.85
Nice Guys Finish Last,0.99,14.85
Overdose,0.99,14.85
Piece Of Pie,0.99,14.85
Que Luz É Essa,0.99,14.85
Question!,0.99,14.85
Ramble On,0.99,14.85
Red Light,0.99,14.85
Rocket Queen,0.99,14.85
Samba De Orly,0.99,14.85
Samba Do Lado,0.99,14.85
Shoot Me Again,0.99,14.85
Sign Of The Cross,0.99,14.85
Since I've Been Loving You,0.99,14.85
Snowballed,0.99,14.85
"String Quartet No. 12 in C Minor, D. 703 ""Quartettsatz"": II. Andante - Allegro assai",0.99,14.85
Sweet Hitch-Hiker,0.99,14.85
The Midnight Special,0.99,14.85
Title Song,0.99,14.85
Walking Into Clarksdale,0.99,14.85
What A Day,0.99,14.85
When I Come Around,0.99,14.85
Woman Of The World (Ao Vivo),0.99,14.85
"Abraham, Martin And John",0.99,14.85
Aces High,0.99,14.85
As Rosas Não Falam (Beth Carvalho),0.99,14.85
Beira Mar,0.99,14.85
Blue Rythm Fantasy,0.99,14.85
Boris The Spider,0.99,14.85
Chemical Wedding,0.99,14.85
Dancing Days,0.99,14.85
"Dois Pra Lá, Dois Pra Cá",0.99,14.85
Holiday,0.99,14.85
Is This Love (Live),0.99,14.85
Lay Down Sally,0.99,14.85
Meditação,0.99,14.85
Motorbreath,0.99,14.85
Música No Ar,0.99,14.85
Nebulosa Do Amor,0.99,14.85
Nothing Else Matters,0.99,14.85
Onde Anda Você,0.99,14.85
Rappers Reais,0.99,14.85
Real Love,0.99,14.85
Revolta Olodum,0.99,14.85
Rock And Roll All Nite,0.99,14.85
Sangue Latino,0.99,14.85
Snowblind,0.99,14.85
Stairway To Heaven,0.99,14.85
Starburst,0.99,14.85
Tarde Em Itapoã,0.99,14.85
Waiting,0.99,14.85
We Are The Champions,0.99,14.85
Whiskey In The Jar,0.99,14.85
You've Got Another Thing Comin',0.99,14.85
Álibi,0.99,14.85
'Round Midnight,0.99,13.86
01 - Prowler,0.99,13.86
04 - Running Free,0.99,13.86
05 - Phantom of the Opera,0.99,13.86
09 - Iron Maiden,0.99,13.86
1/2 Full,0.99,13.86
2 X 4,0.99,13.86
A Bencao E Outros,0.99,13.86
A Cura,0.99,13.86
A Menina Dança,0.99,13.86
A Moça e a Chuva,0.99,13.86
A Statistic,0.99,13.86
A Touch Away,0.99,13.86
A Twist In The Tail,0.99,13.86
A.N.D.R.O.T.A.Z.,0.99,13.86
Action,0.99,13.86
Advance Romance,0.99,13.86
Aeroplane Flies High,0.99,13.86
Age Of Innocence,0.99,13.86
Agora Que O Dia Acordou,0.99,13.86
Ali,0.99,13.86
Alive,0.99,13.86
All For You,0.99,13.86
All My Love,0.99,13.86
All Star,0.99,13.86
Aloha,0.99,13.86
"Always With Me, Always With You",0.99,13.86
Amazing,0.99,13.86
American Woman,0.99,13.86
Amor Demais,0.99,13.86
Another Life,0.99,13.86
Anthem,0.99,13.86
Any Colour You Like,0.99,13.86
"Anyway, Anyhow, Anywhere",0.99,13.86
Aos Leões,0.99,13.86
Aquele Abraço,0.99,13.86
Aquilo,0.99,13.86
Arc,0.99,13.86
Are You Gonna Be My Girl,0.99,13.86
Around The World,0.99,13.86
As Dores do Mundo,0.99,13.86
As Tears Go By,0.99,13.86
Assaltaram A Gramática,0.99,13.86
Assim Caminha A Humanidade,0.99,13.86
Assum Preto,0.99,13.86
Ava Adore,0.99,13.86
Back Door Man,0.99,13.86
Back in the Village,0.99,13.86
"Bad, Bad Leroy Brown",0.99,13.86
"Baltimore, DC",0.99,13.86
Be Mine,0.99,13.86
Been A Son,0.99,13.86
Beija-Flor,0.99,13.86
Beijo Partido,0.99,13.86
Bicycle Race,0.99,13.86
Black,0.99,13.86
Black Moon Creeping,0.99,13.86
Black Night,0.99,13.86
Black Satin,0.99,13.86
Blood In The Wall,0.99,13.86
Blues For Pablo (Alternate Take),0.99,13.86
Body Count Anthem,0.99,13.86
Bohemian Rhapsody,0.99,13.86
Boogie Blues,0.99,13.86
Bop Boogie,0.99,13.86
Bored To Tears,0.99,13.86
Bossa,0.99,13.86
Brain Damage,0.99,13.86
Breed,0.99,13.86
Bring Your Daughter... To The Slaughter,0.99,13.86
Brumário,0.99,13.86
Bush Doctor,0.99,13.86
Bye Bye Blackbird,0.99,13.86
C'Mon Everybody,0.99,13.86
Cafezinho,0.99,13.86
Californication,0.99,13.86
Camisa Verde 2001,0.99,13.86
Can't Stand Losing You,0.99,13.86
"Canta, Canta Mais",0.99,13.86
Caprichosos,0.99,13.86
Carol,0.99,13.86
Carolina Hard-Core Ecstasy,0.99,13.86
Casa,0.99,13.86
Cascades : I'm Not Your Lover,0.99,13.86
Caso Você Queira Saber,0.99,13.86
Chains Of Misery,0.99,13.86
Charles Anjo 45,0.99,13.86
Childhoods End?,0.99,13.86
Chão De Estrelas,0.99,13.86
Cigano,0.99,13.86
Closer To The Heart,0.99,13.86
Cochise,0.99,13.86
Come Fly With Me,0.99,13.86
Começaria Tudo Outra Vez,0.99,13.86
Communication Breakdown(2),0.99,13.86
Como É Duro Trabalhar,0.99,13.86
Compulsion,0.99,13.86
Condição,0.99,13.86
Copacabana (Live),0.99,13.86
Corinna,0.99,13.86
Cropduster,0.99,13.86
Crystal Ball,0.99,13.86
Cérebro Eletrônico,0.99,13.86
Dance,0.99,13.86
Dance Enquanto é Tempo,0.99,13.86
Dance Of Death,0.99,13.86
Dandelion,0.99,13.86
Dança Da Solidão,0.99,13.86
"De Do Do Do, De Da Da Da",0.99,13.86
De Noite Na Cama,0.99,13.86
Deeper Underground,0.99,13.86
Deixa,0.99,13.86
Demorou!,0.99,13.86
Denúncia,0.99,13.86
Destitute Illusions,0.99,13.86
Die Die My Darling,0.99,13.86
Die With Your Boots On,0.99,13.86
Dirty Love,0.99,13.86
Disenchanted Lullaby,0.99,13.86
Dissident,0.99,13.86
Divirta-Se (Saindo Da Sua),0.99,13.86
Do You Have Other Loves?,0.99,13.86
Do You Like The Way,0.99,13.86
Do what cha wanna,0.99,13.86
Doesn't Remind Me,0.99,13.86
Don't Look Back,0.99,13.86
Don't Stand so Close to Me,0.99,13.86
Doutor,0.99,13.86
Dreams,0.99,13.86
Drown,0.99,13.86
Drown Me Slowly,0.99,13.86
Dujji,0.99,13.86
E.S.P.,0.99,13.86
El Farol,0.99,13.86
Elderly Woman Behind The Counter In A Small Town,0.99,13.86
Encontrar Alguém,0.99,13.86
Enquanto O Dia Não Vem,0.99,13.86
Entrando Na Sua (Intro),0.99,13.86
Entre E Ouça,0.99,13.86
Equinocio,0.99,13.86
Esperando Na Janela,0.99,13.86
Esse Cara,0.99,13.86
Estrela (Live),0.99,13.86
Eu Também Quero Beijar,0.99,13.86
Everlong,0.99,13.86
Every Breath You Take,0.99,13.86
Every Time I Look At You,0.99,13.86
Everything I Need,0.99,13.86
Evil Ways,0.99,13.86
Evil Woman,0.99,13.86
Exploder,0.99,13.86
Eye Of The Beholder,0.99,13.86
F*Ckin' Up,0.99,13.86
Face In The Sand,0.99,13.86
Falando De Amor,0.99,13.86
Falar A Verdade,0.99,13.86
Fall To Pieces,0.99,13.86
Fascinação,0.99,13.86
Fear Is The Key,0.99,13.86
Feirinha da Pavuna/Luz do Repente/Bagaço da Laranja,0.99,13.86
Felicidade Urgente,0.99,13.86
Fica,0.99,13.86
Filho Maravilha,0.99,13.86
Finding My Way,0.99,13.86
Fire,0.99,13.86
Fly By Night,0.99,13.86
Fly Me To The Moon,0.99,13.86
For Your Babies,0.99,13.86
Fora Da Ordem,0.99,13.86
Fortuneteller,0.99,13.86
Forty Days Instrumental,0.99,13.86
Freewill,0.99,13.86
Friend Of A Friend,0.99,13.86
From Here To Eternity,0.99,13.86
Funk Hum,0.99,13.86
Funky Piano,0.99,13.86
Garota Nacional,0.99,13.86
Gavioes 2001,0.99,13.86
Genghis Khan,0.99,13.86
"Get Down, Make Love",0.99,13.86
Get Off Of My Cloud,0.99,13.86
Get On Top,0.99,13.86
Get Right,0.99,13.86
Ghost,0.99,13.86
Gimmie Shelters,0.99,13.86
Given To Fly,0.99,13.86
Giz,0.99,13.86
Go,0.99,13.86
God Of Thunder,0.99,13.86
Going Down / Highway Star,0.99,13.86
Gone,0.99,13.86
Green Disease,0.99,13.86
Green River,0.99,13.86
Groovus Interruptus,0.99,13.86
Hands All Over,0.99,13.86
Heart Of Gold,0.99,13.86
Heart Of Lothian: Wide Boy / Curtain Call,0.99,13.86
Heavy Love Affair,0.99,13.86
Hey Cisco,0.99,13.86
Hey Joe,0.99,13.86
"Hey, Johnny Park!",0.99,13.86
High Ball Shooter,0.99,13.86
Higher Ground,0.99,13.86
Highway Chile,0.99,13.86
Hip Hop Rio,0.99,13.86
Holy Smoke,0.99,13.86
Home Sweet Home,0.99,13.86
Homecoming / The Death Of St. Jimmy / East 12th St. / Nobody Likes You / Rock And Roll Girlfriend / We're Coming Home Again,0.99,13.86
Honolulu,0.99,13.86
Hot Rockin',0.99,13.86
Houses Of The Holy,0.99,13.86
Hush,0.99,13.86
Hypnotize,0.99,13.86
Hysteria,0.99,13.86
I Belong To You,0.99,13.86
I Can't Quit You Baby(2),0.99,13.86
I Could Die For You,0.99,13.86
I Get A Kick Out Of You,0.99,13.86
I Like Dirt,0.99,13.86
I Looked At You,0.99,13.86
I Need Love,0.99,13.86
I'm Real,0.99,13.86
Idolatrada,0.99,13.86
If You Don't Know Me By Now,0.99,13.86
If You Have To Ask,0.99,13.86
In Bloom,0.99,13.86
Inside Job,0.99,13.86
Interlude Zumbi,0.99,13.86
Into The Fire,0.99,13.86
Invisible Kid,0.99,13.86
Ipiranga 2001,0.99,13.86
It Ain't Like That,0.99,13.86
It Was A Very Good Year,0.99,13.86
It's A Hard Life,0.99,13.86
It's Only Love,0.99,13.86
Jah Seh No,0.99,13.86
Jailbait,0.99,13.86
Jean Pierre (Live),0.99,13.86
Jeru,0.99,13.86
Jerusalem,0.99,13.86
Journey To Arnhemland,0.99,13.86
Juazeiro,0.99,13.86
Just Ain't Good Enough,0.99,13.86
Kickstart My Heart,0.99,13.86
King Of Dreams,0.99,13.86
King Of Pain,0.99,13.86
La Puesta Del Sol,0.99,13.86
Lamento Sertanejo,0.99,13.86
Last Caress/Green Hell,0.99,13.86
Lavadeira,0.99,13.86
Lazy Gun,0.99,13.86
Leandro De Itaquera 2001,0.99,13.86
Leash,0.99,13.86
Leila,0.99,13.86
Let's See Action,0.99,13.86
Levada do Amor (Ailoviu),0.99,13.86
Lick It Up,0.99,13.86
Life Line,0.99,13.86
Like a Stone,0.99,13.86
Lil' Evil,0.99,13.86
Live To Win,0.99,13.86
Long Tall Sally,0.99,13.86
Looking For Love,0.99,13.86
Lords of Karma,0.99,13.86
Love,0.99,13.86
Love Conquers All,0.99,13.86
Love Don't Mean a Thing,0.99,13.86
Love Is Strong,0.99,13.86
Love Of My Life,0.99,13.86
Love Removal Machine,0.99,13.86
Lucky 13,0.99,13.86
Luis Inacio (300 Picaretas),0.99,13.86
Mack The Knife,0.99,13.86
Magnetic Ocean,0.99,13.86
Mama Africa,0.99,13.86
Man With The Woman Head,0.99,13.86
Mangueira,0.99,13.86
Manuel,0.99,13.86
Maquinarama,0.99,13.86
Maria Fumaça,0.99,13.86
Maria Maria,0.99,13.86
Maria Rosa,0.99,13.86
Mas Que Nada,0.99,13.86
May This Be Love,0.99,13.86
Mean Disposition,0.99,13.86
Medo De Escuro,0.99,13.86
Menino Do Rio,0.99,13.86
Message in a Bottle (new classic rock mix),0.99,13.86
Metrô. Linha 743,0.99,13.86
Meu Guarda-Chuva,0.99,13.86
Midnight,0.99,13.86
Mistério da Raça,0.99,13.86
Money,0.99,13.86
Monkey Wrench,0.99,13.86
Moon Is Up,0.99,13.86
Moon germs,0.99,13.86
Morro Da Casa Verde 2001,0.99,13.86
Most High,0.99,13.86
Mundaréu,0.99,13.86
Muçulmano,0.99,13.86
My Hero,0.99,13.86
My Kind Of Town,0.99,13.86
My Love,0.99,13.86
My Melancholy Blues,0.99,13.86
My Mistake,0.99,13.86
N.I.B.,0.99,13.86
Na Frente Da TV,0.99,13.86
Nefertiti,0.99,13.86
Nervosa,0.99,13.86
"New York, New York",0.99,13.86
Nico,0.99,13.86
No Futuro,0.99,13.86
No One Came,0.99,13.86
No Way Back,0.99,13.86
Nobody's Home,0.99,13.86
O Bicho Tá Pregando,0.99,13.86
O Boto (Bôto),0.99,13.86
O Que Vai Em Meu Coração,0.99,13.86
O Trem Da Juventude,0.99,13.86
O Xote Das Meninas,0.99,13.86
O Último Romântico (Ao Vivo),0.99,13.86
Oceano,0.99,13.86
Oceans,0.99,13.86
Off He Goes,0.99,13.86
On A Plain,0.99,13.86
On Fire,0.99,13.86
One Man's Meat,0.99,13.86
Onibusfobia,0.99,13.86
Only A Dream In Rio,0.99,13.86
Os Alquimistas Estão Chegando,0.99,13.86
Os Exilados,0.99,13.86
Otay,0.99,13.86
Out Of Tears,0.99,13.86
Outbreak,0.99,13.86
Over And Out,0.99,13.86
Overdrive,0.99,13.86
Pais E Filhos,0.99,13.86
Paisagem Na Janela,0.99,13.86
Palavras Ao Vento,0.99,13.86
Panis Et Circenses,0.99,13.86
Papelão,0.99,13.86
Para Lennon E McCartney,0.99,13.86
Pau-De-Arara,0.99,13.86
Pensamento,0.99,13.86
Persuasion,0.99,13.86
Phantom Of The Opera,0.99,13.86
Pick Myself Up,0.99,13.86
Pictures Of Home,0.99,13.86
Pinball Wizard,0.99,13.86
Planet Home,0.99,13.86
Please Don't Touch,0.99,13.86
Podes Crer,0.99,13.86
Porch,0.99,13.86
"Posso Perder Minha Mulher, Minha Mãe, Desde Que Eu Tenha O Rock And Roll",0.99,13.86
Pour Some Sugar On Me,0.99,13.86
Primal Scream,0.99,13.86
Pseudo Silk Kimono,0.99,13.86
Psychopomp,0.99,13.86
Purgatory,0.99,13.86
Put Your Lights On,0.99,13.86
Radio GA GA,0.99,13.86
Ram It Down,0.99,13.86
Ramshackle Man,0.99,13.86
Razor,0.99,13.86
Real Thing,0.99,13.86
Realce,0.99,13.86
Realword,0.99,13.86
Red House,0.99,13.86
Reggae Tchan,0.99,13.86
Respectable,0.99,13.86
Rios Pontes & Overdrives,0.99,13.86
Rita Lee,0.99,13.86
Ro-Que-Se-Da-Ne,0.99,13.86
Road Trippin',0.99,13.86
Rock 'N' Roll Music,0.99,13.86
Rock And Roll Is Dead,0.99,13.86
Rock Of Ages,0.99,13.86
Rollover D.J.,0.99,13.86
Roxanne,0.99,13.86
Running Free,0.99,13.86
Rusty Cage,0.99,13.86
Saint Of Me,0.99,13.86
Salve Simpatia,0.99,13.86
Sam With The Showing Scalp Flat Top,0.99,13.86
Samba da Bençaco,0.99,13.86
Samba pras moças,0.99,13.86
Same Ol' Situation,0.99,13.86
Santa Clara Clareou,0.99,13.86
Santana Jam,0.99,13.86
Sapato 36,0.99,13.86
Satch Boogie,0.99,13.86
Satisfação,0.99,13.86
Saudade Dos Aviões Da Panair (Conversando No Bar),0.99,13.86
"Say It Loud, I'm Black And I'm Proud Pt.1",0.99,13.86
Scentless Apprentice,0.99,13.86
Sea Of Sorrow,0.99,13.86
Secrets,0.99,13.86
See You,0.99,13.86
Seek And You Shall Find,0.99,13.86
Segue O Seco,0.99,13.86
Seis Da Tarde,0.99,13.86
Sem Sentido,0.99,13.86
Sereia,0.99,13.86
Será,0.99,13.86
Seven Seas Of Rhye,0.99,13.86
Severed Hand,0.99,13.86
She Wears Black,0.99,13.86
Shout At The Devil,0.99,13.86
Showcase,0.99,13.86
Sick Again,0.99,13.86
Sir Psycho Sexy,0.99,13.86
Sister Awake,0.99,13.86
Slave,0.99,13.86
Smoked Pork,0.99,13.86
Smokin' in The Boys Room,0.99,13.86
So Beautiful,0.99,13.86
Soldado Da Paz,0.99,13.86
Solo-Panhandler,0.99,13.86
Sometimes I Feel Like Screaming,0.99,13.86
Soot & Stars,0.99,13.86
Space Truckin',0.99,13.86
"Spanish moss-""A sound portrait""-Spanish moss",0.99,13.86
Spank Thru,0.99,13.86
Stars,0.99,13.86
Still,0.99,13.86
Still Life,0.99,13.86
Stone Free,0.99,13.86
Straight Out Of Line,0.99,13.86
Suck On The Jugular,0.99,13.86
Summer Love,0.99,13.86
Super Terrorizer,0.99,13.86
Surprise! You're Dead!,0.99,13.86
Sweet Lady Luck,0.99,13.86
Sweet Soul Sister,0.99,13.86
Sweethearts Together,0.99,13.86
Take This Bottle,0.99,13.86
"Tapa Aqui, Descobre Ali",0.99,13.86
Tears In Heaven,0.99,13.86
Tempos Modernos,0.99,13.86
Territorial Pissings,0.99,13.86
The Assassin,0.99,13.86
The Battle Rages On,0.99,13.86
The Begining... At Last,0.99,13.86
The Beginning...At Last,0.99,13.86
The Crystal Ship,0.99,13.86
The Cut Runs Deep,0.99,13.86
The Fugitive,0.99,13.86
The Great Gig In The Sky,0.99,13.86
The Ides Of March,0.99,13.86
The Last Remaining Light,0.99,13.86
The Meaning Of The Blues,0.99,13.86
The Pan Piper,0.99,13.86
The Prophecy,0.99,13.86
The Right Thing,0.99,13.86
The Wind Cries Mary,0.99,13.86
Thief In The Night,0.99,13.86
This Is Radio Clash,0.99,13.86
This Is The Place,0.99,13.86
Time,0.99,13.86
Time Is On My Side,0.99,13.86
Tomorrow's Dream,0.99,13.86
Tradição,0.99,13.86
Travelling Riverside Blues,0.99,13.86
TriboTchan,0.99,13.86
Três Lados,0.99,13.86
Tudo Bem,0.99,13.86
Two Steps Behind [Acoustic Version],0.99,13.86
Um Dia Qualquer,0.99,13.86
Um Homem Chamado Alfredo,0.99,13.86
Um Indio,0.99,13.86
Um Jantar Pra Dois,0.99,13.86
Um Love,0.99,13.86
Under My Thumb,0.99,13.86
União Da Ilha,0.99,13.86
Vai Valer,0.99,13.86
Viradouro,0.99,13.86
Voce Inteira,0.99,13.86
Você,0.99,13.86
Vou Pra Ai,0.99,13.86
Vôo Sobre o Horizonte,0.99,13.86
W.M.A.,0.99,13.86
Walking After You,0.99,13.86
Walking Wounded,0.99,13.86
Wanted Dread And Alive,0.99,13.86
War (The Process),0.99,13.86
Waterhole (Expresso Bongo),0.99,13.86
What Now My Love,0.99,13.86
When I Had Your Love,0.99,13.86
When Love & Hate Collide,0.99,13.86
White Feather,0.99,13.86
White Riot,0.99,13.86
Whole Lotta Love (Medley),0.99,13.86
Why Go,0.99,13.86
Wild Hearted Son,0.99,13.86
Wild Side,0.99,13.86
Wildest Dreams,0.99,13.86
X-9 2001,0.99,13.86
Yesterday To Tomorrow,0.99,13.86
You Can't Do it Right (With the One You Love),0.99,13.86
You Fool No One,0.99,13.86
You Keep On Moving,0.99,13.86
You Oughta Know,0.99,13.86
You Shook Me(2),0.99,13.86
You've Been A Long Time Coming,0.99,13.86
Your Blue Room,0.99,13.86
Your Time Has Come,0.99,13.86
Zambação,0.99,13.86
Zeca Violeiro,0.99,13.86
Zé Trindade,0.99,13.86
Às Vezes,0.99,13.86
Água E Fogo,0.99,13.86
Água de Beber,0.99,13.86
É Fogo,0.99,13.86
O Pulso,0.99,12.89
Basket Case,0.99,12.87
Binky The Doormat,0.99,12.87
Caffeine,0.99,12.87
Calling Dr. Love,0.99,12.87
Commotion,0.99,12.87
Don't Look Now,0.99,12.87
Fall On Me,0.99,12.87
I'm Gonna Crawl,0.99,12.87
Inject The Venom,0.99,12.87
Living Loving Maid (She's Just A Woman),0.99,12.87
Lonely Stranger,0.99,12.87
Mel,0.99,12.87
Meu Caro Amigo,0.99,12.87
"Music for the Funeral of Queen Mary: VI. ""Thou Knowest, Lord, the Secrets of Our Hearts""",0.99,12.87
Não Quero Dinheiro,0.99,12.87
Rock & Roll,0.99,12.87
Saber Amar,0.99,12.87
That's The Way,0.99,12.87
The Aftermath,0.99,12.87
The Clairvoyant,0.99,12.87
The Garden,0.99,12.87
The House Jack Built,0.99,12.87
The Star Spangled Banner,0.99,12.87
The Unforgiven II,0.99,12.87
Travis Walk,0.99,12.87
Two Hearts Beat As One,0.99,12.87
Violent Pornography,0.99,12.87
Whatsername,0.99,12.87
"Battlestar Galactica, Pt. 1",1.99,11.94
"Lost Planet of the Gods, Pt. 2",1.99,11.94
Safety Training,1.99,11.94
"The Gun On Ice Planet Zero, Pt. 2",1.99,11.94
The Job,1.99,11.94
"The Living Legend, Pt. 2",1.99,11.94
Caras Como Eu,0.99,10.91
"Exodus, Pt. 2",1.99,10.91
Formigueiro,0.99,10.91
God,0.99,10.91
"Greetings from Earth, Pt. 1",1.99,10.91
Homem Primata,0.99,10.91
Iron Man/Children of the Grave,0.99,10.91
Still Loving You,0.99,10.91
The Passage,1.99,10.91
Balls to the Wall,0.99,10.89
Believe,0.99,10.89
Bem Devagar,0.99,10.89
Compadre,0.99,10.89
End Of Romanticism,0.99,10.89
Give Me Novacaine,0.99,10.89
How Many More Times,0.99,10.89
In The Evening,0.99,10.89
J Squared,0.99,10.89
Leper Messiah,0.99,10.89
Manguetown,0.99,10.89
Mensagen De Amor (2000),0.99,10.89
Moonchild,0.99,10.89
Morena De Angola,0.99,10.89
No Quarter,0.99,10.89
Perfect Crime,0.99,10.89
Phantom Lord,0.99,10.89
Pride (In The Name Of Love),0.99,10.89
Promises,0.99,10.89
Romance Ideal,0.99,10.89
She Loves Me Not,0.99,10.89
Shock Me,0.99,10.89
So Central Rain,0.99,10.89
Soldier Side - Intro,0.99,10.89
"Suite No. 3 in D, BWV 1068: III. Gavotte I & II",0.99,10.89
Sunday Bloody Sunday,0.99,10.89
Susie Q,0.99,10.89
The Prisoner,0.99,10.89
Undertow,0.99,10.89
Chapa o Coco,0.99,9.91
"Danny Boy, Danny Boy",0.99,9.91
Funk de Bamba,0.99,9.91
One For The Road,0.99,9.91
Put Your Head Out,0.99,9.91
The Beginning of the End,1.99,9.91
The Zoo,0.99,9.91
Todo o Carnaval tem seu Fim,0.99,9.91
All I Want Is You,0.99,9.9
Before You Accuse Me,0.99,9.9
Desire,0.99,9.9
Gimme Some Truth,0.99,9.9
Layla,0.99,9.9
Let Me Love You Baby,0.99,9.9
Master Of Puppets,0.99,9.9
Cold Turkey,0.99,8.94
"Greetings from Earth, Pt. 2",1.99,8.94
Instant Karma,0.99,8.94
"Oh, My Love",0.99,8.94
The Hand of God,1.99,8.94
"War of the Gods, Pt. 2",1.99,8.94
(White Man) In Hammersmith Palais,0.99,8.91
...And Justice For All,0.99,8.91
14 Years,0.99,8.91
A Noite Do Meu Bem,0.99,8.91
A Sua,0.99,8.91
Achilles Last Stand,0.99,8.91
Admirável Gado Novo,0.99,8.91
After Midnight,0.99,8.91
Ain't Talkin' 'bout Love,0.99,8.91
All I Really Want,0.99,8.91
American Idiot,0.99,8.91
Angela,0.99,8.91
Anything Goes,0.99,8.91
Apesar De Você,0.99,8.91
Are You Gonna Go My Way,0.99,8.91
Avisa,0.99,8.91
B.Y.O.B.,0.99,8.91
Bankrobber,0.99,8.91
Be Aggressive,0.99,8.91
Beach Sequence,0.99,8.91
Best Thing,0.99,8.91
Big Machine,0.99,8.91
Black Capricorn Day,0.99,8.91
Black Diamond,0.99,8.91
Blackened,0.99,8.91
Bleed The Freak,0.99,8.91
Blind Man,0.99,8.91
Blow Your Mind,0.99,8.91
Breathe,0.99,8.91
Brighter Than a Thousand Suns,0.99,8.91
Bring Me Your Cup,0.99,8.91
Burn Away,0.99,8.91
By The Way,0.99,8.91
Bê-a-Bá,0.99,8.91
Can You See Me,0.99,8.91
Can't Keep,0.99,8.91
Can't Stop,0.99,8.91
Can't Stop Loving You,0.99,8.91
Canário Do Reino,0.99,8.91
Cathedral,0.99,8.91
Caçador de Mim (Sá & Guarabyra),0.99,8.91
Chaos-Control,0.99,8.91
Child In Time,0.99,8.91
Children of the Damned,0.99,8.91
Cinema Mudo,0.99,8.91
Civil War,0.99,8.91
Clash City Rockers,0.99,8.91
Como Estais Amigos,0.99,8.91
Computadores Fazem Arte,0.99,8.91
Confusion,0.99,8.91
Coração De Estudante,0.99,8.91
Corduroy,0.99,8.91
Creep,0.99,8.91
Criança De Domingo,0.99,8.91
Cry For Love,0.99,8.91
Cuckoo For Caca,0.99,8.91
Cursed Diamonds,0.99,8.91
Da Lama Ao Caos,0.99,8.91
Dancing In The Street,0.99,8.91
Dark Corners,0.99,8.91
Deep Waters,0.99,8.91
Desaforo,0.99,8.91
"Diga Lá, Coração",0.99,8.91
Don't Cry,0.99,8.91
Don't Go Back To Rockville,0.99,8.91
Duende,0.99,8.91
E.C.T.,0.99,8.91
Edie (Ciao Baby),0.99,8.91
Eleanor Rigby,0.99,8.91
Epic,0.99,8.91
Eu Apenas Queria Que Voçê Soubesse,0.99,8.91
Eu Sou Neguinha (Ao Vivo),0.99,8.91
Extra,0.99,8.91
Fade To Black,0.99,8.91
Fairies Wear Boots,0.99,8.91
Falling To Pieces,0.99,8.91
Fast And Loose,0.99,8.91
Fast As a Shark,0.99,8.91
Feel It,0.99,8.91
Feel Your Love Tonight,0.99,8.91
Flight Of The Rat,0.99,8.91
Forgiven,0.99,8.91
Four Sticks,0.99,8.91
Frantic,0.99,8.91
Free Me,0.99,8.91
Futureal,0.99,8.91
Gatas Extraordinárias,0.99,8.91
Gates Of Tomorrow,0.99,8.91
Get Out,0.99,8.91
Get Up (I Feel Like Being A) Sex Machine,0.99,8.91
Get What You Need,0.99,8.91
Go Down,0.99,8.91
God Gave Rock 'n' Roll To You,0.99,8.91
Got That Feeling,0.99,8.91
Grito De Alerta,0.99,8.91
Guess Who's Back,0.99,8.91
Hairshirt,0.99,8.91
Hang 'Em High,0.99,8.91
Hard To Handle,0.99,8.91
Harvester Of Sorrow,0.99,8.91
Hats Off To (Roy) Harper,0.99,8.91
Heart In Your Hand,0.99,8.91
Hell Ain't A Bad Place To Be,0.99,8.91
Help Yourself,0.99,8.91
Here I Am (Come And Take Me),0.99,8.91
Hey Tonight,0.99,8.91
High Head Blues,0.99,8.91
Hit The Lights,0.99,8.91
Homely Girl,0.99,8.91
Hooked Up,0.99,8.91
I Can't Remember,0.99,8.91
I Could Have Lied,0.99,8.91
I Don't Wanna Be Kissed (By Anyone But You),0.99,8.91
I Know Somethin (Bout You),0.99,8.91
I Still Haven't Found What I'm Looking For,0.99,8.91
In Your Honor,0.99,8.91
Indios,0.99,8.91
Infeliz Natal,0.99,8.91
Into The Light,0.99,8.91
Iron Man,0.99,8.91
It's Just A Thought,0.99,8.91
It's Too Funky In Here,0.99,8.91
Ito Okashi,0.99,8.91
Jacob's Ladder,0.99,8.91
Jaded,0.99,8.91
Jorge Da Capadócia,0.99,8.91
Jump,0.99,8.91
Kindergarten,0.99,8.91
Knocking At Your Back Door,0.99,8.91
Know Your Rights,0.99,8.91
Lament,0.99,8.91
Lemon,0.99,8.91
Ligia,0.99,8.91
Lindo Lago Do Amor,0.99,8.91
Little Guitars,0.99,8.91
Little Guitars (Intro),0.99,8.91
Livin' On The Edge,0.99,8.91
Living In America,0.99,8.91
Livre Pra Viver,0.99,8.91
Lord of Light,0.99,8.91
Love Child,0.99,8.91
Loving You Sunday Morning,0.99,8.91
Low,0.99,8.91
Low Man's Lyric,0.99,8.91
MFC,0.99,8.91
Manifest Destiny,0.99,8.91
Maracatu Atômico,0.99,8.91
Maracatu De Tiro Certeiro,0.99,8.91
"Maria, Maria",0.99,8.91
Marvin,0.99,8.91
Mateus Enter,0.99,8.91
Mellowship Slinky In B Major,0.99,8.91
Meninos E Meninas,0.99,8.91
Meu Mundo Fica Completo (Com Você),0.99,8.91
Meu Refrigerador Não Funciona,0.99,8.91
Midnight Cowboy,0.99,8.91
Minority,0.99,8.91
Miracle To Me,0.99,8.91
Miss Sarajevo,0.99,8.91
Molina,0.99,8.91
Morning Glory,0.99,8.91
Mr. Crowley,0.99,8.91
Murders In The Rue Morgue,0.99,8.91
My Ship,0.99,8.91
My World,0.99,8.91
Música De Trabalho,0.99,8.91
Naked In The Rain,0.99,8.91
New Love,0.99,8.91
Night Flight,0.99,8.91
No Fundo Do Quintal Da Escola,0.99,8.91
Nothingman,0.99,8.91
Numb,0.99,8.91
Não Dá Mais Pra Segurar (Explode Coração),0.99,8.91
Não Sei O Que Eu Quero Da Vida,0.99,8.91
O Beco,0.99,8.91
O Cidadão Do Mundo,0.99,8.91
O Dia Em Que A Terra Parou,0.99,8.91
O Leaozinho,0.99,8.91
O Livro Dos Dias,0.99,8.91
On Mercury,0.99,8.91
One I Want,0.99,8.91
Orion,0.99,8.91
Out Of Sight,0.99,8.91
Over The Hills And Far Away,0.99,8.91
Panama,0.99,8.91
Papa's Got A Brand New Bag Pt.1,0.99,8.91
Paradise City,0.99,8.91
Parallel Universe,0.99,8.91
Paranoid,0.99,8.91
Pini Di Roma (Pinien Von Rom) \ I Pini Della Via Appia,0.99,8.91
Playtime,0.99,8.91
Podres Poderes,0.99,8.91
Polícia (Vinheta),0.99,8.91
Ponta de Areia,0.99,8.91
Ponto De Interrogação,0.99,8.91
Poor Twisted Me,0.99,8.91
Porcelain,0.99,8.91
Pretty Tied Up,0.99,8.91
Prince Charming,0.99,8.91
Principiando/Decolagem,0.99,8.91
Problem Child,0.99,8.91
Puteiro Em João Pessoa,0.99,8.91
Quando Você Voltar,0.99,8.91
Queixa,0.99,8.91
Rag Doll,0.99,8.91
Rasul,0.99,8.91
Redundant,0.99,8.91
Remedy,0.99,8.91
Ride The Lightning,0.99,8.91
Right Now,0.99,8.91
Right Through You,0.99,8.91
River Song,0.99,8.91
Rock Das Aranhas (Ao Vivo) (Live),0.99,8.91
Rock The Casbah,0.99,8.91
Run Through The Jungle,0.99,8.91
Run To The Hilss,0.99,8.91
"Sabbath, Bloody Sabbath",0.99,8.91
Samba Makossa,0.99,8.91
San Francisco Bay Blues,0.99,8.91
Seconds,0.99,8.91
Será Que Vai Chover?,0.99,8.91
Set It Off,0.99,8.91
Sex Type Thing,0.99,8.91
Shining In The Light,0.99,8.91
Shotgun Blues,0.99,8.91
Slug,0.99,8.91
Socorro,0.99,8.91
Soul Education,0.99,8.91
Soul Parsifal,0.99,8.91
Sozinho (Hitmakers Classic Mix),0.99,8.91
Spellbound,0.99,8.91
Spirit Walker,0.99,8.91
Star A.D.,0.99,8.91
Sting Me,0.99,8.91
Strange Kind Of Woman,0.99,8.91
Stranger in a Strange Land,0.99,8.91
Stripsearch,0.99,8.91
Sua Impossivel Chance,0.99,8.91
Suck My Kiss,0.99,8.91
"Symphony No. 2, Op. 16 -  ""The Four Temperaments"": II. Allegro Comodo e Flemmatico",0.99,8.91
Sábado A Noite,0.99,8.91
Take The Power,0.99,8.91
Tea For One,0.99,8.91
Tease Me Please Me,0.99,8.91
Ten Years Gone,0.99,8.91
Texarkana,0.99,8.91
The Angel And The Gambler,0.99,8.91
The Call Of Ktulu,0.99,8.91
The Educated Fool,0.99,8.91
The First Time,0.99,8.91
The Frayed Ends Of Sanity,0.99,8.91
The Morning After,0.99,8.91
The Outlaw Torn,0.99,8.91
The Pilgrim,0.99,8.91
The Power Of Equality,0.99,8.91
The Unforgettable Fire,0.99,8.91
The Unwritten Law,0.99,8.91
The Wanderer,0.99,8.91
The Zephyr Song,0.99,8.91
Theme From The Swan,0.99,8.91
These Colours Don't Run,0.99,8.91
They're Red Hot,0.99,8.91
Thinking 'Bout Tomorrow,0.99,8.91
To Live Is To Die,0.99,8.91
Todo Amor Que Houver Nesta Vida,0.99,8.91
Todo Mundo Explica,0.99,8.91
Tombstone Shadow,0.99,8.91
Tommy Gun,0.99,8.91
Too Young To Die,0.99,8.91
Top O' The Morning To Ya,0.99,8.91
Top Top,0.99,8.91
Trampled Under Foot,0.99,8.91
Transylvania,0.99,8.91
True Believers,0.99,8.91
Twentienth Century Fox,0.99,8.91
Um Passeio No Mundo Livre,0.99,8.91
Um Satélite Na Cabeça,0.99,8.91
Underwater Love,0.99,8.91
United Colours,0.99,8.91
Vai Passar,0.99,8.91
Vamo Batê Lata,0.99,8.91
Vavoom : Ted The Mechanic,0.99,8.91
Vida De Cachorro,0.99,8.91
Virginia Moon,0.99,8.91
Voce Nao Entende Nada - Cotidiano,0.99,8.91
"Você Passa, Eu Acho Graça (Ao Vivo)",0.99,8.91
Wake Up,0.99,8.91
Walking Contradiction,0.99,8.91
Wasting Love,0.99,8.91
Were Do We Go From Here,0.99,8.91
What If I Do?,0.99,8.91
What It Takes,0.99,8.91
When The World Was Young,0.99,8.91
When You Gonna Learn (Digeridoo),0.99,8.91
Whole Lotta Love,0.99,8.91
Women In Uniform,0.99,8.91
Woodpecker From Mars,0.99,8.91
World Wide Suicide,0.99,8.91
Xanadu,0.99,8.91
Xote Dos Milagres,0.99,8.91
You Ain't the First,0.99,8.91
You Could Be Mine,0.99,8.91
You Learn,0.99,8.91
You Really Got Me,0.99,8.91
You Shook Me,0.99,8.91
[Just Like] Starting Over,0.99,8.91
Back from Vacation,1.99,7.96
Producer's Cut: The Return,1.99,7.96
The Convict,1.99,7.96
"The Gun On Ice Planet Zero, Pt. 1",1.99,7.96
"The Living Legend, Pt. 1",1.99,7.96
The Lost Warrior,1.99,7.96
The Magnificent Warriors,1.99,7.96
Black Dog,0.99,7.92
Thank You,0.99,7.92
When Love Comes To Town,0.99,7.92
Domingo,0.99,6.94
Era Uma Vez,0.99,6.94
Occupation / Precipice,1.99,6.94
Querem Meu Sangue,0.99,6.94
(Wish I Could) Hideaway,0.99,5.94
A Kind Of Magic,0.99,5.94
"A Midsummer Night's Dream, Op.61 Incidental Music: No.7 Notturno",0.99,5.94
A Paz,0.99,5.94
A Small Victory,0.99,5.94
Alberta,0.99,5.94
All Within My Hands,0.99,5.94
"Alô, Alô, Marciano",0.99,5.94
Amy Amy Amy (Outro),0.99,5.94
Angel,0.99,5.94
As Aparências Enganam,0.99,5.94
As Profecias,0.99,5.94
Ashes To Ashes,0.99,5.94
Astronomy,0.99,5.94
Atrás da Porta,0.99,5.94
Attitude,0.99,5.94
Baba O'Riley,0.99,5.94
Babyface,0.99,5.94
Back off Bitch,0.99,5.94
Bad,0.99,5.94
Bad Moon Rising,0.99,5.94
Balanço,0.99,5.94
Bark at the Moon,0.99,5.94
Believer,0.99,5.94
Bell Bottom Blues,0.99,5.94
Beth,0.99,5.94
Black Light Syndrome,0.99,5.94
Bleed Together,0.99,5.94
Blitzkrieg,0.99,5.94
Blue Train,0.99,5.94
Boogie With Stu,0.99,5.94
Book Of Thel,0.99,5.94
Born On The Bayou,0.99,5.94
Born To Move,0.99,5.94
Brain Stew,0.99,5.94
Brasília 5:31,0.99,5.94
Brave New World,0.99,5.94
Bullet The Blue Sky,0.99,5.94
Burden In My Hand,0.99,5.94
Busca Vida,0.99,5.94
Carolina,0.99,5.94
Changes,0.99,5.94
Chão de Giz (Elba Ramalho),0.99,5.94
Cigaro,0.99,5.94
Colibri,0.99,5.94
Coma,0.99,5.94
Construção / Deus Lhe Pague,0.99,5.94
Coração do Agreste (Fafá de Belém),0.99,5.94
Coroné Antonio Bento,0.99,5.94
Creeping Death,0.99,5.94
Cristina Nº 2,0.99,5.94
Crossroads,0.99,5.94
Crumbs From Your Table,0.99,5.94
Cure,0.99,5.94
Damage Case,0.99,5.94
De Ja Vu,0.99,5.94
De La Luz,0.99,5.94
Dead And Bloated,0.99,5.94
Dee,0.99,5.94
Departure,0.99,5.94
Discotheque,0.99,5.94
Disposable Heroes,0.99,5.94
Dog Eat Dog,0.99,5.94
Don't Cry (Original),0.99,5.94
Don't You Cry,0.99,5.94
Down By The Seaside,0.99,5.94
Down On The Corner,0.99,5.94
Ela Disse Adeus,0.99,5.94
Endgame,0.99,5.94
Estranged,0.99,5.94
Etnia,0.99,5.94
Eu Amo Você,0.99,5.94
Evil Dick,0.99,5.94
Eye,0.99,5.94
Flash,0.99,5.94
Flash of The Blade,0.99,5.94
Flores,0.99,5.94
Flower,0.99,5.94
For Those About To Rock (We Salute You),0.99,5.94
Friends,0.99,5.94
From Out Of Nowhere,0.99,5.94
Fuel,0.99,5.94
Get Up Offa That Thing,0.99,5.94
Girl From A Pawnshop,0.99,5.94
Goin' Blind,0.99,5.94
Going To California,0.99,5.94
Green Grow The Rushes,0.99,5.94
Hard Luck Woman,0.99,5.94
Hawkmoon 269,0.99,5.94
Holier Than Thou,0.99,5.94
Home Sick Home,0.99,5.94
Homem Primata (Vinheta),0.99,5.94
Hot Dog,0.99,5.94
Hots On For Nowhere,0.99,5.94
I Am,0.99,5.94
I Can See For Miles,0.99,5.94
I Can't Quit You Baby,0.99,5.94
I Fucking Hate You,0.99,5.94
I Heard Love Is Blind,0.99,5.94
I Remember California,0.99,5.94
I Still Love You,0.99,5.94
I Want To Break Free,0.99,5.94
I Was Made For Loving You,0.99,5.94
I Would Do For You,0.99,5.94
I'm A Boy,0.99,5.94
It's A Man's Man's Man's World,0.99,5.94
It's The End Of The World As We Know It (And I Feel Fine),0.99,5.94
Janie's Got A Gun,0.99,5.94
Jealous Guy,0.99,5.94
Jeito Faceiro,0.99,5.94
Jesus Christ Pose,0.99,5.94
Jesus Of Suburbia / City Of The Damned / I Don't Care / Dearly Beloved / Tales Of Another Broken Home,0.99,5.94
Join Together,0.99,5.94
Jungle Drums,0.99,5.94
Just Friends,0.99,5.94
King In Crimson,0.99,5.94
Lanterna Dos Afogados,0.99,5.94
Let It Grow,0.99,5.94
Letterbomb,0.99,5.94
Life During Wartime,0.99,5.94
Lightning Strikes Twice,0.99,5.94
Like A Song...,0.99,5.94
Little Linda,0.99,5.94
Long As I Can See The Light,0.99,5.94
Losing My Religion,0.99,5.94
Love And Peace Or Else,0.99,5.94
Love In An Elevator,0.99,5.94
Machine Men,0.99,5.94
Macy's Day Parade,0.99,5.94
Malpractice,0.99,5.94
Maluco Beleza,0.99,5.94
Mama Said,0.99,5.94
Man On The Edge,0.99,5.94
Maracatu Atômico [Trip Hop],0.99,5.94
Me In Honey,0.99,5.94
Metal Militia,0.99,5.94
"Metopes, Op. 29: Calypso",0.99,5.94
Millenium,0.99,5.94
Minha Historia,0.99,5.94
Misty Mountain Hop,0.99,5.94
Mr. Brownstone,0.99,5.94
My Friend Of Misery,0.99,5.94
My Time After Awhile,0.99,5.94
Música Urbana 2,0.99,5.94
Navegar Impreciso,0.99,5.94
Never Say Die,0.99,5.94
New Test Leper,0.99,5.94
Night Of The Long Knives,0.99,5.94
Night Time Is The Right Time,0.99,5.94
Night Train,0.99,5.94
No Memory,0.99,5.94
Nobody Knows You When You're Down & Out,0.99,5.94
Nosso Adeus,0.99,5.94
Nothin' To Lose,0.99,5.94
Não Vou Ficar,0.99,5.94
O Descobridor Dos Sete Mares,0.99,5.94
O Que Me Importa,0.99,5.94
O Que Será (À Flor Da Terra),0.99,5.94
Old Love,0.99,5.94
Olodum - Smile (Instrumental),0.99,5.94
Only the Good Die Young,0.99,5.94
Os Cegos Do Castelo,0.99,5.94
Out On The Tiles,0.99,5.94
Ozone Baby,0.99,5.94
Papeau Nuky Doe,0.99,5.94
"Peer Gynt Suite No.1, Op.46: 1. Morning Mood",0.99,5.94
Poprocks And Coke,0.99,5.94
Por Que Será,0.99,5.94
Pot-Pourri N.º 4,0.99,5.94
Pot-Pourri N.º 5,0.99,5.94
Preciso Apender a Viver Só (Maysa),0.99,5.94
Prenda Minha,0.99,5.94
Princess of the Dawn,0.99,5.94
Refazenda,0.99,5.94
Rehab (Hot Chip Remix),0.99,5.94
Relvelation (Mother Earth),0.99,5.94
Rime of the Ancient Mariner,0.99,5.94
Romaria (Renato Teixeira),0.99,5.94
Samba Em Prelúdio,0.99,5.94
Sangue De Bairro,0.99,5.94
Silver And Gold,0.99,5.94
Smells Like Teen Spirit (Ao Vivo),0.99,5.94
Sobremesa,0.99,5.94
Some Kind Of Monster,0.99,5.94
Sometimes Salvation,0.99,5.94
Song For Lorraine,0.99,5.94
Sons Of Freedom,0.99,5.94
Soul Singing,0.99,5.94
Sozinho (Caêdrum 'n' Bass),0.99,5.94
Spread Your Wings,0.99,5.94
St. Jimmy,0.99,5.94
Stand Inside Your Love,0.99,5.94
Staring At The Sun,0.99,5.94
"Stay (Faraway, So Close!)",0.99,5.94
Stuck With Me,0.99,5.94
Swing Low Sweet Chariot,0.99,5.94
Symphony No. 2: III. Allegro vivace,0.99,5.94
"Symphony No. 3 Op. 36 for Orchestra and Soprano ""Symfonia Piesni Zalosnych"" \ Lento E Largo - Tranquillissimo",0.99,5.94
"Symphony No. 41 in C Major, K. 551, ""Jupiter"": IV. Molto allegro",0.99,5.94
Sympton of the Universe,0.99,5.94
Século XXI,0.99,5.94
Take the Box,0.99,5.94
Talk About The Passion,0.99,5.94
Tempo Rei,0.99,5.94
Tendo A Lua,0.99,5.94
"Texto ""Verdade Tropical""",0.99,5.94
The Crunge,0.99,5.94
The Day I Tried To Live,0.99,5.94
The Four Horsemen,0.99,5.94
The Gentle Art Of Making Enemies,0.99,5.94
The Invisible Man,0.99,5.94
The Lemon Song,0.99,5.94
The Ocean,0.99,5.94
The Playboy Mansion,0.99,5.94
The Show Must Go On,0.99,5.94
The Sun Road,0.99,5.94
The Unbeliever,0.99,5.94
The Wait,0.99,5.94
The Wrong Child,0.99,5.94
Think About You,0.99,5.94
Through The Never,0.99,5.94
Tightrope,0.99,5.94
To Tame A Land,0.99,5.94
Toda Menina Baiana,0.99,5.94
Todo Amor (Asas Da Liberdade),0.99,5.94
"Trash, Trampoline And The Party Girl",0.99,5.94
Turn The Page,0.99,5.94
Ugly In The Morning,0.99,5.94
"Um Amor, Um Lugar",0.99,5.94
Uns Dias,0.99,5.94
Until It Sleeps,0.99,5.94
Up Around The Bend,0.99,5.94
Vida Boa,0.99,5.94
Wake Up Alone,0.99,5.94
Wake Up Dead Man,0.99,5.94
Wall Of Denial,0.99,5.94
We Will Rock You,0.99,5.94
We're Gonna Groove,0.99,5.94
Wear You To The Ball,0.99,5.94
Wearing And Tearing,0.99,5.94
Welcome to the Jungle,0.99,5.94
When Evening Falls,0.99,5.94
When The Levee Breaks,0.99,5.94
Where Have All The Good Times Gone?,0.99,5.94
Where The River Goes,0.99,5.94
Where The Wild Things Are,0.99,5.94
Wherever You May Go,0.99,5.94
Whiplash,0.99,5.94
Who Needs You,0.99,5.94
Who Wants To Live Forever,0.99,5.94
With Or Without You,0.99,5.94
Yesterdays,0.99,5.94
You Are The Everything,0.99,5.94
Zither,0.99,5.94
"Étude 1, In C Major - Preludio (Presto) - Liszt",0.99,5.94
Óculos,0.99,5.94
Caleidoscópio,0.99,5.94
Immigrant Song,0.99,5.94
New Year's Day,0.99,5.94
She,0.99,5.94
"Battlestar Galactica, Pt. 2",1.99,3.98
Experiment In Terra,1.99,3.98
"Lost Planet of the Gods, Pt. 1",1.99,3.98
Take the Celestra,1.99,3.98
The Convention,1.99,3.98
The Coup,1.99,3.98
The Initiation,1.99,3.98
"Through the Looking Glass, Pt. 1",1.99,3.98
Your Time Is Gonna Come,0.99,3.97
#9 Dream,0.99,3.96
2 A.M.,0.99,3.96
32 Dentes,0.99,3.96
5.15,0.99,3.96
A Festa Do Santo Reis,0.99,3.96
"Act IV, Symphony",0.99,3.96
Ain't My Bitch,0.99,3.96
Am I Evil?,0.99,3.96
Aprendendo A Jogar,0.99,3.96
Army Ants,0.99,3.96
Atrás Da Verd-E-Rosa Só Não Vai Quem Já Morreu,0.99,3.96
Bad Seed,0.99,3.96
Badge,0.99,3.96
Bass Trap,0.99,3.96
Be Good Johnny,0.99,3.96
Berimbau,0.99,3.96
Bittersweet Me,0.99,3.96
Black Hole Sun,0.99,3.96
Bleeding Me,0.99,3.96
Blood On The World's Hands,0.99,3.96
Body Count,0.99,3.96
Bora-Bora,0.99,3.96
Breadfan,0.99,3.96
Breaking The Rules,0.99,3.96
Breakthru,0.99,3.96
Bring Your Daughter... ...To The Slaughter,0.99,3.96
Can't Get There From Here,0.99,3.96
Carouselambra,0.99,3.96
Carta Ao Tom 74,0.99,3.96
Caught Somewhere in Time,0.99,3.96
Cold Gin,0.99,3.96
Com Açúcar E Com Afeto,0.99,3.96
"Concerto for Cello and Orchestra in E minor, Op. 85: I. Adagio - Moderato",0.99,3.96
Cotton Fields,0.99,3.96
Crash Course In Brain Surgery,0.99,3.96
Crazy Train,0.99,3.96
Cuyahoga,0.99,3.96
De Ouro E Marfim (Live),0.99,3.96
Dead Horse,0.99,3.96
Disarm,0.99,3.96
Do You Feel Loved,0.99,3.96
Do You Love Me,0.99,3.96
Don't Damn Me,0.99,3.96
Double Talkin' Jive,0.99,3.96
Drowning Man,0.99,3.96
Electrolite,0.99,3.96
Elza,0.99,3.96
Everything's Ruined,0.99,3.96
Evil Walks,0.99,3.96
F**k Me Pumps,0.99,3.96
Faceless,0.99,3.96
Fat Bottomed Girls,0.99,3.96
Fates Warning,0.99,3.96
First Time I Met The Blues,0.99,3.96
Flor De Lis,0.99,3.96
Fortunate Son,0.99,3.96
Fortunes Of War,0.99,3.96
Geek Stink Breath,0.99,3.96
Gostava Tanto De Você,0.99,3.96
Gota D'água,0.99,3.96
Headlong,0.99,3.96
Heartland,0.99,3.96
Hey Hey,0.99,3.96
I Don't Know,0.99,3.96
I Feel Good (I Got You) - Sossego,0.99,3.96
If God Will Send His Angels,0.99,3.96
Innuendo,0.99,3.96
Intro / Stronger Than Me,0.99,3.96
It's Late,0.99,3.96
It's So Easy,0.99,3.96
It's a Mistake,0.99,3.96
KKK Bitch,0.99,3.96
King Nothing,0.99,3.96
Last Night On Earth,0.99,3.96
Lodi,0.99,3.96
Longview,0.99,3.96
Lost in Hollywood,0.99,3.96
Madalena,0.99,3.96
Make Me Believe,0.99,3.96
Moby Dick,0.99,3.96
Momentos Que Marcam,0.99,3.96
Mãe Terra,0.99,3.96
Nem Um Dia,0.99,3.96
No More Tears,0.99,3.96
Não Vou Lutar,0.99,3.96
O Amor Nao Sabe Esperar,0.99,3.96
Odara,0.99,3.96
Opachorô (Live),0.99,3.96
Out Ta Get Me,0.99,3.96
Outshined,0.99,3.96
Overtime,0.99,3.96
Padre Cícero,0.99,3.96
Pagan Baby,0.99,3.96
Palavras,0.99,3.96
"Partita in E Major, BWV 1006A: I. Prelude",0.99,3.96
Poor Tom,0.99,3.96
Pot-Pourri N.º 2,0.99,3.96
Pristina,0.99,3.96
Put The Finger On You,0.99,3.96
RV,0.99,3.96
Radio/Video,0.99,3.96
Rhinocerous,0.99,3.96
Riviera Paradise,0.99,3.96
Romeo et Juliette: No. 11 - Danse des Chevaliers,0.99,3.96
Sad Statue,0.99,3.96
Santo Antonio,0.99,3.96
Save Me,0.99,3.96
Scratch-N-Sniff,0.99,3.96
Sea of Madness,0.99,3.96
Seventh Son of a Seventh Son,0.99,3.96
Shiny Happy People,0.99,3.96
Shout It Out Loud,0.99,3.96
Sincero Breu,0.99,3.96
Sing Joyfully,0.99,3.96
"So Fast, So Numb",0.99,3.96
Some Unholy War,0.99,3.96
Sozinho,0.99,3.96
Spoonman,0.99,3.96
Squeeze Box,0.99,3.96
Stone Crazy,0.99,3.96
Strutter,0.99,3.96
Sítio Do Pica-Pau Amarelo,0.99,3.96
The Alchemist,0.99,3.96
The Finest Worksong,0.99,3.96
The Memory Remains,0.99,3.96
Trocando Em Miúdos,0.99,3.96
Tyrant (Live),0.99,3.96
Uma Brasileira,0.99,3.96
Up An' Atom,0.99,3.96
Wake Me Up When September Ends,0.99,3.96
Walk To The Water,0.99,3.96
Walkin' Blues,0.99,3.96
"Wellington's Victory or the Battle Symphony, Op.91: 2. Symphony of Triumph",0.99,3.96
Whatever Gets You Thru the Night,0.99,3.96
Who'll Stop The Rain,0.99,3.96
Won't Get Fooled Again (Full Length Version),0.99,3.96
You Know I'm No Good (feat. Ghostface Killah),0.99,3.96
Zooropa,0.99,3.96
Through a Looking Glass,1.99,2.98
Baltar's Escape,1.99,1.99
(Anesthesia) Pulling Teeth,0.99,1.98
A Banda,0.99,1.98
A Man And A Woman,0.99,1.98
Abrir A Porta,0.99,1.98
Adios nonino,0.99,1.98
All Because Of You,0.99,1.98
"All Dead, All Dead",0.99,1.98
Angel Of Harlem,0.99,1.98
Another One Bites The Dust,0.99,1.98
Are We The Waiting,0.99,1.98
As We Sleep,0.99,1.98
Atras Da Porta,0.99,1.98
Back to Black,0.99,1.98
Bad Obsession,0.99,1.98
Black Mountain Side,0.99,1.98
Blissed & Gone,0.99,1.98
Body Count's In The House,0.99,1.98
Boulevard Of Broken Dreams,0.99,1.98
Canto De Ossanha,0.99,1.98
Casa no Campo,0.99,1.98
"Concerto No.2 in F Major, BWV1047, I. Allegro",0.99,1.98
"Concerto for Piano No. 2 in F Minor, Op. 21: II. Larghetto",0.99,1.98
Crackerman,0.99,1.98
Crossfire,0.99,1.98
D'Yer Mak'er,0.99,1.98
Damage Inc.,0.99,1.98
Deuce,0.99,1.98
Diamonds And Rust (Live),0.99,1.98
Down Under,0.99,1.98
Duelists,0.99,1.98
Dust N' Bones,0.99,1.98
Eclipse Oculto,0.99,1.98
Eu Vim Da Bahia - Live,0.99,1.98
Expresso 2222,0.99,1.98
Extraordinary Girl,0.99,1.98
Família,0.99,1.98
Fantasia On Greensleeves,0.99,1.98
Fight From The Inside,0.99,1.98
Fool In The Rain,0.99,1.98
Formosa,0.99,1.98
Freedom For My People,0.99,1.98
Freewheel Burning,0.99,1.98
Garota de Ipanema (Dick Farney),0.99,1.98
Gates Of Urizen,0.99,1.98
Get On The Snake,0.99,1.98
Happy Jack,0.99,1.98
Heartbreaker,0.99,1.98
Heliopolis,0.99,1.98
Hemp Family,0.99,1.98
How High The Moon,0.99,1.98
How The West Was Won And Where It Got Us,0.99,1.98
I Still Haven't Found What I'm Looking for,0.99,1.98
I Want It All,0.99,1.98
Invaders,0.99,1.98
It Doesn't Matter,0.99,1.98
Jump In The Fire,0.99,1.98
"Karelia Suite, Op.11: 2. Ballade (Tempo Di Menuetto)",0.99,1.98
Killing Floor,0.99,1.98
Knockin On Heavens Door,0.99,1.98
La Bella Luna,0.99,1.98
Laguna Sunrise,0.99,1.98
Leave,0.99,1.98
Let Me Off Uptown,0.99,1.98
Lilás,0.99,1.98
Linha Do Horizonte,0.99,1.98
Live and Let Die,0.99,1.98
Lord Of The Flies,0.99,1.98
Losfer Words,0.99,1.98
Loud Love,0.99,1.98
Love Gun,0.99,1.98
Love Rescue Me,0.99,1.98
Magic Bus,0.99,1.98
Maria,0.99,1.98
Me & Mr. Jones,0.99,1.98
Me Deixas Louca,0.99,1.98
Me Liga,0.99,1.98
Metal Meltdown,0.99,1.98
Minha Namorada,0.99,1.98
Mouth To Mouth,0.99,1.98
Nem 5 Minutos Guardados,0.99,1.98
New York,0.99,1.98
No Prayer For The Dying,0.99,1.98
Nothing To Say,0.99,1.98
O Braço Da Minha Guitarra,0.99,1.98
Of Wolf And Man,0.99,1.98
One Step Closer,0.99,1.98
Opus No.1,0.99,1.98
Palco,0.99,1.98
Parabolicamará,0.99,1.98
Paths Of Glory,0.99,1.98
Pela Internet (Live),0.99,1.98
Perfect Circle,0.99,1.98
Pictures Of Lily,0.99,1.98
Poeira,0.99,1.98
Praise,0.99,1.98
Pretty Persuasion,0.99,1.98
"Prometheus Overture, Op. 43",0.99,1.98
Protesto Do Olodum (Ao Vivo),0.99,1.98
Proud Mary,0.99,1.98
Prá Dizer Adeus,0.99,1.98
Quanta (Live),0.99,1.98
Quase Um Segundo,0.99,1.98
Quem Mata A Mulher Mata O Melhor,0.99,1.98
Radio Free Aurope,0.99,1.98
Refavela (Live),0.99,1.98
Reggae Odoyá,0.99,1.98
Restless and Wild,0.99,1.98
Revenga,0.99,1.98
Rock On,0.99,1.98
Romaria,0.99,1.98
Run to the Hills,0.99,1.98
Réu Confesso,0.99,1.98
SKA,0.99,1.98
Salve Nossa Senhora,0.99,1.98
Samba Da Volta,0.99,1.98
Sampa,0.99,1.98
Saudosa Maloca,0.99,1.98
Saudosismo,0.99,1.98
Se Liga,0.99,1.98
Se...,0.99,1.98
Seek & Destroy,0.99,1.98
Sheer Heart Attack,0.99,1.98
Signe,0.99,1.98
Sleep On The Sidewalk,0.99,1.98
Sonata for Solo Violin: IV: Presto,0.99,1.98
"Suzie-Q, Pt. 2",0.99,1.98
Tailgunner,0.99,1.98
Tatuagem,0.99,1.98
Tears Dry On Their Own,0.99,1.98
Terra,0.99,1.98
The God That Failed,0.99,1.98
The More I See,0.99,1.98
The River (Remix),0.99,1.98
The Seeker,0.99,1.98
The Small Hours,0.99,1.98
The Struggle Within,0.99,1.98
The Thing That Should Not Be,0.99,1.98
The Three Sunrises,0.99,1.98
The Tower,0.99,1.98
The Wake-Up Bomb,0.99,1.98
Trac Trac,0.99,1.98
Trupets Of Jericho,0.99,1.98
Tuesday's Gone,0.99,1.98
Under Pressure,0.99,1.98
Under The Sun/Every Day Comes and Goes,0.99,1.98
Você Fugiu,0.99,1.98
Vulcão Dub - Fui Eu,0.99,1.98
Waiting On A Sign,0.99,1.98
Walking On The Water,0.99,1.98
Wave (Os Cariocas),0.99,1.98
Wet My Bed,0.99,1.98
What Is And What Should Never Be,0.99,1.98
Winterlong,0.99,1.98
Wonderful Tonight,0.99,1.98
Wrote A Song For Everyone,0.99,1.98
Yahweh,0.99,1.98
You Know I'm No Good,0.99,1.98
You Sure Love To Ball,0.99,1.98
[Untitled],0.99,1.98
"Bye, Bye Brasil",0.99,0.99
Carnival Of Sorts,0.99,0.99
Go Back,0.99,0.99
Naked In Front Of The Computer,0.99,0.99
Perplexo,0.99,0.99
Plush,0.99,0.99
Right Next Door to Hell,0.99,0.99
Slowness,0.99,0.99
Someday Never Comes,0.99,0.99
Valentino's,0.99,0.99
